nombre_producto,precio_venta,codigo_de_barras,cantidad,categoria
 ALKA 2 MANZANA,400,77989086,,
 ENCENDEDOR ZENGAZ,4300,4895151823129,,
 KENT NEO AZUL 20U,4800,78026384,,
 OREO 36G,300,7590011251100,,
 PACK ESPONJA WINNEX,300,8698898464732,,
 SALCHICHAS PREMIUM RECETA DEL TATA,1500,7801930007120,,
 TKCH 44G MARINELLA,500,7803473003102,,
 mani confitado sembra sol,1250,7804612221654,,
1+1 CHOCO KRISPIS 140GR,750,7802900332419,,
1+1 ZUCARITAS,750,7802900332402,,
"120 CABERNET SAUVIGNON 1,5LT BOT",3400,7804330352111,,
120 HEROES CARTON 1L,2250,7804330341115,,
120 TRES MEDALLAS CABERNET SAUVIGNON,900,7804330004898,,
1865 CARMENERE 2020 750ML,9990,7804300123413,,
30/70 FRENK  TROPICAL GIN,2000,7804677380020,,
40/60 FRENK BLANCA 350ML,2000,7804677380013,,
40/60 FRENK NEGRA ,2000,7804677380006,,
7UP 3L DESECHABLE,2300,7801620001322,,
7up 2L,1700,7801620855161,,
ABRIDOR MULTIUSO,1000,5060054612012,,
ACE NATURALS MANZANILLA 400G,1400,7500435146364,,
ACEITE DE REYES 900ML,1800,7804609020062,,
ACEITE SALAD 5L,10450,7794870055996,,
ACEITUNAS NEGRAS DON JUAN 250G,1900,7802351000820,,
ACEITUNAS VERDES DON JUAN ,1900,7802351000806,,
ACEITUNAS VERDES LAMINADAS,1600,1970a018,,
ACETONA,800,,,
ACONDICIONADOR BALLERINA  PALTA/AGUACATE 750ML,1900,7804920003232,,
ACONDICIONADOR BALLERINA ACCION HIDRATANTE,1,7804920006189,,
ACONDICIONADOR BALLERINA DETOX CARBON ACTIVADO Y MENTA,1900,7804920007469,,
ACONDICIONADOR BALLERINA GRANADA 750ML,1900,7804920003218,,
ACONDICIONADOR ELVIVE REPARACION TOTAL,4200,7509552848014,,
ACONDICIONADOR FORTIFICANTE CAIDA,3500,7509552848045,,
ACONDICIONADOR MANZANILLA BALLERINA,450,7804920008114,,
ACONDICIONADOR NUTICION INTENSA ELVIVE,4200,7509552908558,,
ACONDICIONADOR ONDAS Y RIZOS,450,7804920008138,,
ACONDICIONADOR PANTENE RESTAURACION,1600,7501006721294,,
ACONDICONADOR ELVIVE OLEO EXTRAORDINARIO,4200,7509552908497,,
ACTIVADOR COLOR,800,7804947001891,,
ADHECIVO ACERO LIQUIDO PATEL,2500,7804663360265,,
AGUA JAHUEL  BERRIES 1.6L,950,7804625210270,,
AGUA JAHUEL VIDRIO 350CC,700,7804625210133,,
AGUA MINERAL CACHANTUN CON GAS 1.6 LITROS,1100,7801620852955,,
AGUA MINERAL CACHANTUN SIN GAS 1.5 LITROS,1100,7801620852962,,
AGUA MINERAL CON GAS JAHUEL 500CC,600,7804625210072,,
AGUA MINERAL VITAL 1.6 LITROS CON GAS,1000,7802820020953,,
AGUA MINERAL VITAL 1/2 LITRO SIN GAS,600,7802820600209,,
AGUA MINERAL VITAL GASIFICADA 600 ML,600,7802820600100,,
AGUA MINERAL VITAL SIN GAS 1.6 LITROS,1000,7802820021950,,
AGUA TONICA CANADA DRY,1900,7801620370107,,
AJI CHILANO CREMA 240G,1250,7802351234607,,
AJI CREMA,900,1970aK016,,
AJI DON JUAN 100G,500,7802351221003,,
AL TEXTILE CLEAN  750ML,6000,5900950764906,,
ALCAPARRAS,1950,7802410070801,,
ALFAJOR ALFI 2 U,500,7803473612229,,
ALFAJOR DE MAICENA,450,ALFAJOR DE MAICENA,,
ALFAJOR LAGUITO 70G,600,7803403000737,,
ALGABO CREMA HIDRATANTE 90ML,1400,7791274005114,,
ALGABO FOOT,1400,7791274004377,,
ALIÑO COMPLETO EDRA 15G,390,7802420004636,,
ALKA 2 MENTOL,400,77983428,,
ALKA MIEL 29G,400,78020153,,
ALKA MINTS,400,77559142,,
ALMENDRAS CONFITADAS TERRANO,2000,7802408005440,,
ALOE 500ML COCO,1300,6971873891382,,
ALOE ARANHJDANO 500ML,1300,6971549920163,,
ALOE DURAZNO 500ML,1300,6971549920071,,
ALOE FRUTILLA,1300,6971549920057,,
ALOE ORIGINAL 500ML,1300,6971549920026,,
ALUFOIL 4M,1550,7801875150233,,
ALUPLAST 15M,1400,7801875150455,,
AMBERRIES 25G AMBROSOLI,300,7802200135741,,
AMERICANA EN VINAGRE DON JUAN 360G,1200,7802351421205,,
AMPOLLETA  LED,840,7804660913402,,
AMPOLLETA GLOW 9W,1900,6877946220014,,
AMSTERDAMER NATURAL,6700,5707294329323,,
ANDINA DE DURAZNO 1.5 LTS DESECHABLE,1400,7802820500035,,
ANTIGRASA   WYN 450 ML,1500,7804609730619,,
APANADO DE POLLO PF,600,7801930018010,,
APOLLETA 6W RAYOVAC,1900,8888021305524,,
ARCOR JUGO EN POLVO DURAZNO,200,7790580419493,,
AROMATIZADOR AUTO ARBOL,1588,5997270799435,,
ARROZ BANQUETE 1K,2100,7803110102212,,
ARROZ TUCAPEL GRAN SELECCION GRADO2 1K,1300,7801420220138,,
ARVEJAS MINUTO VERDE 200G,800,7801220311111,,
ATUN LOMITOS EN AGUA ANGELMO 160G,1850,7801268002040,,
AUSTRAL PATAGONIA 500CC,2000,7809634100727,,
AUSTRAL TORRES DEL PAINE 500CC,2000,7809634100413,,
AXE BLACK,2800,7791293043746,,
AXE EPIC FRESH,2800,7791293044040,,
AXE FRAGANCIA MAS FRESCURA MUSK,2800,7791293043807,,
AXE FRAGANCIA+FRESCURA APOLLO,2800,7791293043814,,
AZUCAR BONANZA 1K,1560,7808743600036,,
AZUCAR DE REYES,1450,7804609021007,,
AZUCAR EL MONARCA 900 GR,1303,7804658860480,,
AZUCAR FLOR DAMA BLANCA,1500,7801505002666,,
AZUCAR FLOR IANSA,1600,7801505231974,,
Agua Cachantun Mas MANZANA Sin Gas 1.6 Lt,1450,7801620006624,,
Agua Cachantun Mas Piña Sin Gas 1.6 Lt,1450,7801620008338,,
Agua Mineral Jahuel CON Gas 1.6 L,750,7804625210041,,
Agua Mineral Jahuel Sin Gas 1.6 L,750,7804625210058,,
Agua Mineral Jahuel Sin Gas 1.6 L MANZANA,950,7804625210218,,
Agua Mineral Jahuel. Berries s/gas 500 cc,750,7804625210287,,
Agua Mineral Jahuel. MANZANA s/gas 500 cc,750,7804625210225,,
Ajos,350,000000000000018,,
"Alfajor Bon o Bon Blanco, 40 gr",600,72047613,,
Arroz Grado 2 Los Granos WPB,1387,7804673160091,,
BACARDI SUPERIOR 50ML,2200,080480016210,,
BAILEYS ICE CREAM 1L,5500,7801552007300,,
BALLANTINES 1L SCOTH WISKY,11500,5010106111925,,
BALLANTINES 750CC,11500,5010106111536,,
BARQUILLO BAÑADO,200,0000000001,,
BASE CARNE A LA CASEROLA,700,7613031259823,,
BASE POLLO CRISPY,700,7613030019060,,
BATIFRUT FRUTILLA 165GR,650,7802900000301,,
BAYLES COLADA 700CC,9000,5011013936021,,
BEBIDA ALOE,1200,6971549920040,,
BEBIDA FRUNA COLA 2L,1000,7802408000230,,
BEBIDA FRUNA COLA 500ML,600,7802408000391,,
BEBIDA FRUNA FRUTAL 500ML,504,7802408000414,,
BEBIDA FRUNA LIMON 500ML,600,7802408000766,,
BEBIDA FRUNA PAPAYA,600,7802408000407,,
BEBIDA FRUNA PAPAYA 2L,1000,7802408000278,,
BEBIDA FRUNA PIÑA 2L,1000,7802408000254,,
BEBIDA FRUNA PIÑA 500ML,600,7802408000445,,
BEBIDA KEM 1.5L DESECHABLE,1800,7801620350185,,
BEBIDA SERRANO FRUTAL 2L,1000,7802408000261,,
BENEDICTINO GASIFICADA 3L,1300,7802820443356,,
BENEDICTINO SIN GAS 3 L,1500,7802820443301,,
BETUN EN PONPONA CAFE,1500,8692730508912,,
BETUN PASTA CAFE SMART CLEAN,2605,7807975004681,,
BETUN PONPONA NEGRO,1076,8692730508905,,
BICARBONATO DE SODIO GOURMET 30G,350,7802410041375,,
BIG TIME AZUL,400,78011748,,
BIG TIME SANDIA,400,78007505,,
BIGTIME CELESTE,400,78068308,,
BIGTIME FRUTILLA ACIDA 11G,400,78024137,,
BIGTIME NEGRO,400,78068315,,
BIGTIME VERDE,400,78005624,,
BILZ 250CC,600,7801620016067,,
BILZ 2LT DESECHABLE,1600,7801620290191,,
BILZ 600CC,1000,7801620009502,,
BILZ DESECHABLE 3 LTS.,2300,7801620001193,,
BILZ EN LATA 350 CC,850,7801620290184,,
BILZ RETOENABLE 11/4,1200,7801620008130,,
BILZ ZERO DESECHABLE 2.0 LTS,1400,7801620006501,,
BIOFRESCURA 800G BOSQUE NATIVO,1588,7804609730176,,
BLEM 800CM3,3101,7790520993946,,
BLOCK 99 1/4 PROARTE,2101,7807265983009,,
BLUND WRAP MOJITO,1500,644536228011,,
BLUND WRAP PEACH,1500,644536226314,,
BLUNT MASTER NATURAL,1000,812615010059,,
BLUNT MASTER PIÑA,1000,812615010042,,
BLUNT WRAP,840,7472,,
BLUNT WRAP MANGO,1000,644536227311,,
BLUNT WRAP PISCO SOUR,1500,644536227946,,
BLUNT WRAP WATER MELON,1000,644536226413,,
BOLSA DE ASEO 50X70,550,7809555100370,,
BOLSAS  50X65 GLITT,550,7804673690062,,
BOLSAS 50X70 WINNEX,900,012345678998,,
BOLSAS DE ASEO CLEAN MEDIANA 70X90,1000,7801875001320,,
BOLSAS PARA BASURA 50X70 VIRUTEX PAQUETE,630,7806810800433,,
BON O BON AMARILLO 15GR,250,78023994,,
BON O BON BLANCO 95G,1400,78022255903036,,
BRAUNICHOC NUTRA BIEN! 35G,550,7803525000356,,
BRAZO DE REINA,900,BRAZO DE REINA,,
BRISTOL TABACO UVA,7200,7804660290268,,
BROCHETAS DE BAMBU,1500,5023797503603,,
BROWNIE CHIPS,700,7803525999544,,
BROWNIE NUTRA BIEN!,700,7803525000240,,
BUDWEISER 354CC,950,7802130002199,,
Ballantines Wild 750ML,12500,5000299628355,,
"Barra de cereal, arandano/maqui, Guallarauco, 30GR",300,7803908006814,,
Bebida proteica colágeno sin azúcar 250 ml,1500,7798088142905,,
BigTime Ultra Clean 24gr,1300,7794612413848,,
BigTime Ultra Green 24gr,1300,7794612413855,,
BigTime Ultra Red Berry 24gr,1300,7794612413831,,
Blanjarate - Soprole - 80 gr,650,7802900003562,,
Blunt Wrap Bluberry,1000,644536226215,,
Blunt Wrap Xo Cognac,1000,644536227014,,
Blunt Wrap freach Vainilla,1000,644536226819,,
Bombon Blanco 15gr,250,78024106,,
CABELLOS DI ANGEL,1300,7802575001030,,
CABLE DE CARGA 3 ENTRADAS ,7990,7895623079303,,
CABLE USB YS-02,1000,7851061651648,,
CABRITAS 250G,1765,7802000008412,,
CABRITAS DE CARAMELO,546,7802000002816,,
CABRITAS EVERCRISP 140G,1500,7802000003448,,
CACAO DULCE MARCA EDRA,1200,7802420007309,,
CACHANTUN 2.5 LITROS SIN GAS,1300,7801620005894,,
CACHANTUN 2.5LT,1300,7801620005887,,
CACHANTUN CON GAS 600 ML,700,7801620009694,,
CACHANTUN MAS 1.5 LITROS GRANADA,1450,7801620006631,,
CACHANTUN MAS 1600 ML  CITRUS,1450,7801620006600,,
CACHANTUN MAS 1600 ML LIMONADA JENGIBRE,1450,7801620008314,,
CACHANTUN MAS FRAMBUESA L. 600CC,850,7801620010379,,
CACHANTUN MAS LIMON FRAM  1600CC,1450,7801620010386,,
CACHANTUN MAS UVA 1.6 LT,1450,7801620006648,,
CACHANTUN PERA 600ML,850,7801620009588,,
CACHANTUN PIÑA 600ML,850,7801620009649,,
CACHANTUN SIN GAS 600ML,700,7801620009717,,
CAFE NESCAFE DOLCA 100G,3000,7802950002164,,
CAFE NESCAFE TRADICIONAL 50G,2500,7802950002119,,
CAJA BON O BON GALLETA,1,,,
CALDO EN POLVO GOURMET 48G COSTILA,750,7802410002208,,
"CALDO EN POLVO GOURMET 48G TOCINO, AJO Y CEBOLLA",750,7802410002789,,
CALDO SABOR CARNE,200,7803700257070,,
CAMPANARIO CARAMEL 700CC,3900,7802175002697,,
CAMPANARIO PISCO SOUR 700cc,3900,7802175001874,,
CANADA DRY 3L PET,2700,7801620001896,,
CANADA DRY 500ML,1000,7801620016128,,
CANADADRY LATA 350CC,850,7801620360153,,
CANELA ENTERA EDRA,950,7802420004674,,
CANUTOS LUCCHETTI,1200,7802500001074,,
CAPRI FRUTILLA,450,7613034279309,,
CARACOLES AL QUESO LUCCHETTI 296G,1900,7802500220734,,
CARAMELO FULL LIMON,300,7802200133426,,
CARAMELOS PIÑA Y NARANJA,2100,7802225312073,,
CARBON,1513,7845,,
CARGADOR USB RAPIDO,7990,,,
CARGADOR USB-C CON ADAPTADOR ,12000,6952348645901,,
CARNE MOLIDA DE VACUNO RECETA DEL ABUELO 250 G,2100,7801930012223,,
CARNE MOLIDA FLOW PACK PF  250 GR,1400,7801930018591,,
CAROZZI SPAGHETTI 5 400G,1300,7802575004437,,
CASATA MADEL VAINILLA,1,7804663870115,,
CASATELLE150G LARGUITAS,1500,7801552007232,,
CASILLERO DEL DIABLO CABERNET SAUVIGNON 750ML,5400,7804320303178,,
CASILLERO DEL DIABLO CARMENERE 750ML,5400,7804320087016,,
CASILLERO DEL DIABLO DEVILS CARNAVAL 750ML,5400,7804320760117,,
CASSATELLE 150G TRIANGULOS,1500,7801552007249,,
CAVA ACTIVE PLUS 500ML,1500,7812050000434,,
CEBOLLITAS EN VINAGRE DON JUAN 360G,1450,7802351431204,,
CERA BRILLINA INCOLORA,1750,7805040005410,,
CERA BRILLINA ROLJA 340CC,1750,7805040005403,,
CEREAL BAR CHIPS DE CHIOCOLATE,250,7802215301254,,
CEREAL BAR COSTA CHOCOLATE 18G,294,7802215301452,,
CEREAL BAR FRUTAS+YOGHURT,250,7802215303289,,
CEREAL BAR FRUTOS ROJOS,250,7802215303388,,
CEREAL BAR GOLDEN,250,7802215303159,,
CEREAL MILO 30G,500,7613031291489,,
CEREAL TRIX 30GR,500,7501035427532,,
CERVEZA AUSTRAL PATAGONIA BLACK LAGER,1000,7802100004345,,
CERVEZA AUSTRAL PATAGONIA HOOPY LAGGER,1000,7802100004024,,
CERVEZA BECKER GOLDEN PREMIUM 473CC,1000,7802130003172,,
"CERVEZA BECKER NEGRA LATA 453CC 4,5º",800,7802130002403,,
CERVEZA BUDWEISER LATA 473CC,1100,01801828,,
CERVEZA BUDWEISER LATON 710CC,1200,7802130002342,,
CERVEZA COORS 355ML,1000,7802100003218,,
CERVEZA CRISTAL 330CC,700,7802100001603,,
CERVEZA CRISTAL 470CC,900,7802100505323,,
CERVEZA DOLBEK MAQUI ALE,2000,7804616480231,,
"CERVEZA ESCUDO LATA 470CC 5,5º
",900,7802100505347,,
CERVEZA ESCUDO PACK 470CC,5400,7802100505378,,
CERVEZA ESCUDO SILVER 350CC,500,7802100002938,,
CERVEZA HE150KEN 330CC,1100,7802100000354,,
CERVEZA HEINEKEN 650CC,1550,7802100004185,,
CERVEZA IMPERIAL,950,7802100003782,,
CERVEZA IMPERIAÑ LAGER 330CC,950,7802100004017,,
"CERVEZA KUNSTMANN PALE ALE TOROBAYO 330CC
",1700,7802107001392,,
CERVEZA KUNSTMANN PALE ALE TOROBAYO 500CC,1890,7802107000869,,
CERVEZA PATAGONIA RED LAGER 470CC,1200,7802100004000,,
CERVEZA QUILMES LATA 473CC,950,7792798012923,,
CERVEZA ROYAL 350CC,850,7802100430038,,
CERVEZA ROYAL 650CC,1000,7802100004178,,
CERVEZA ROYAL LATA 470CC 5º,1050,7802100002747,,
CERVEZA SOL 710CC,1550,7802100002464,,
CHAMPIÑONES LAMINADOS ESMERALDA 400G,2000,7802420510083,,
CHANCACA IANSA,1300,7801505000143,,
CHANCADO,0,CHANCADO,,
CHANDELLE CHOCOLATE,850,78093676,,
CHANDELLE MANJAR,850,7802950572452,,
CHARGER USB FAST,7990,6968992890705,,
CHARLOT ROUDULADE,5500,8445290587916,,
CHEETOS 280 GR,2000,7802000016585,,
CHEETOS PALITOS 110G,1500,7802000015779,,
CHEETOS PALITOS 50G,750,7802000017544,,
CHEEZELS 100G,1500,7802000015687,,
CHEEZELS 30G,750,7802000005930,,
CHICLE BOLON,84,6971486422287,,
CHIPS,1008,3345,,
CHIQUITIN ,350,78041097,,
CHISPERO RONSON,1500,7804612130918,,
CHIVAS REGAL 12 AÑOS 1L,37000,0843240043,,
CHIVAS REGAL 12 AÑOS 750ML,30000,08043240039,,
CHOCALETE ORLY FRUTILLA GRANDE,1429,7802200894143,,
CHOCAPIC 30G,500,8445290170019,,
CHOCLO EN GRANO MINUTO VERDE 200GRS,800,7801220431116,,
CHOCLO EN GRANO MINUTO VERDE 500 GRAMOS,1765,7801220431109,,
CHOCLO TROZO 180G,1000,7801335000115,,
CHOCMAN 33GR,300,7802215303401,,
CHOCO CRACS 160G,1500,7802000003219,,
CHOCOLATE AMARGO MARCO POLO 150 GRAMOS,832,7802420119309,,
CHOCOLATE BLANCO ARCOR,1400,7802225590280,,
CHOCOLATE BON O BON 95G,1400,7802225590297,,
CHOCOLATE CAREZZA COSTA 160 GRS,2605,7802215101335,,
CHOCOLATE CHUBI 103G,1400,7802225590341,,
CHOCOLATE ORLY BERRIES,1429,7802200894136,,
CHOCOLATE ORLY MENTA 115G.,1429,7802200894112,,
CHOCOLATE ORLY TRUFA 115G.,1429,7802200894150,,
CHOCOLATE TIFANIS,1400,7802225590204,,
CHOCOLATE ZANAHORIA DOS EN UNO,126,7832,,
CHOCOLITO FRUNA,462,7802408000650,,
CHORITOS AL NATURAL SAN JOSE 100G,1176,7801235276115,,
CHORIZO PF PARRILLERO 5 UNIDADES,1261,7801930007403,,
CHORIZO SUREÑO SJ 250G,1600,7801907014298,,
CHUBI ARCOR 22G,300,7802225426381,,
CHUCHOCA MOLIDA DON ATILIO 500 GRAMOS,1681,7803912000143,,
CHUCRUT,1000,1970ch003,,
CHUCRUT DON JUAN 360G,1000,7802351441203,,
CHULETA CENTRO SUPER CERDO 130G,1300,,,
CHULETAS DE CERDO  SUPER CERDO DE 130G,1300,CHULETAS,,
CHURRASCO 3 UNI SAN JORGE 185GR,1300,7801907011037,,
CHURRASCO DE VACUNO RESETA DE ABUELO 120G,1500,7801930011028,,
CHURRASCO DE VVACUNO SUPER BEEF,1500,7809611717597,,
CHURRASCO VACUNO KING 3 UN,1300,7809611709622,,
CHUÑO DON ATILO 500 GR,2185,7803912000266,,
CHUÑO OSO 250 G,1261,7803960000553,,
CIBOULETTE 2G MARCOPOLO,350,7802420110054,,
CIEN TRAPERO CON OJAL,1400,6906810006888,,
CIF CREMA ORIGINAL CON MICROPARTICULAS 80G,328,7805000166069,,
CINTA ADHESIVA,1420,7805633004196,,
CINTA TIPO PLASTICO TOPCURE,588,6950362301403,,
CLIPS,500,000000000003,,
CLORINDA 250ML,750,7805080100014,,
CLORINDA 500ML,1200,7805080692519,,
CLORINDA CLORO CONCENTRADO 1L,1800,7805080100021,,
CLORINDA CLORO GEL 250G,655,7805080691529,,
CLORINDA GEL 500 GRS,1084,7805080691536,,
CLORO CONCENTRADO IMPEKE 1KG,1008,7806810028875,,
CLORO GEL IMPEKE,1200,7806810022170,,
CLORO GEL ORIGINAL 900ML CLORINDA,2200,7805080695084,,
CLOROX EXPERT TOALLITAS DESINFECTANTES,1480,7501071907562,,
CLOROX ROPA QUITAMANCHAS BLANCOS INTENSOS 370G,756,7805025690419,,
CLOROX ROPA QUITAMANCHAS COLORES VIVOS 370G,924,7805025693731,,
CLOS DE PIRQUE CABERNET SAUVIGNON 1.5l,3990,7804320640464,,
CLOS DE PIRQUE COOLER PIÑA-MARACUYA,3600,7804320751214,,
COCA COLA 1.1L PET,1400,7801610001974,,
COCA COLA 1.5 LITROS DESECHABLE,1800,7801610001622,,
COCA COLA 1L RETORNABLE,1000,7801610001042,,
COCA COLA 2 LITROS RETORNABLE,1600,7801610001295,,
COCA COLA 3 LITROS RETORNABLE,2300,7801610333129,,
COCA COLA 3L DESECHABLE,2700,7801610323236,,
COCA COLA 591CC,1200,7801610000571,,
COCA COLA EN LATA 350 CC,1000,7801610001196,,
COCA COLA EXPRESS 230ML,400,7801610880104,,
COCA COLA LATA ZERO 350ML,900,7801610350355,,
COCA COLA LIGHT 350ML LATA,900,7801610022122,,
COCA COLA LIGHT 3L DESECHABLE,2700,7801610352151,,
COCA COLA SIN AZUCAR 1.1 LITRO,1400,7801610350904,,
COCA COLA ZERO 1.5 LTS DESECHABLE,1800,7801610350409,,
COCA COLA ZERO 2L RETORNABLE,1600,7801610350256,,
COCA COLA ZERO 3 LTS DESECHABLE,2700,7801610305560,,
COCA COLA ZERO 591 CC DESECHABLE,1200,7801610000601,,
COCA COLA ZERO RETORNABLE 1LT,1000,7801610350980,,
COCA COLA ZERO RETORNABLE DE 3 LTS.,2300,7801610333327,,
COCKTAIL DE FRUTAS 230G,1250,7804611550120,,
COCO RALLADO EDRA 100G,800,7802420006494,,
COCTAIL DE FRUTAS ACONCAGUA 425 GRS,2101,7801800100289,,
COCTEL DE FRUTAS ACONCAGUA 590G,2521,7801800000015,,
COLADO NATURNES CARNE Y VERDURAS,2200,7613030264040,,
COLADO NATURNES POLLO Y VERDURAS,2200,7802950003550,,
COLD BRAK SPARKLING BLUE,1700,7804315012023,,
COLD BREAK SPARKLING BLUE,4990,7804315011217,,
COLD BREAK SPARKLING PINK,4990,7804315011224,,
COLD BREAK SPARKLING SUN,4990,7804315011231,,
COLD BREAK SPARLING,1700,7804315012030,,
COLGATE 50G,700,7891024131909,,
COLLAC O CHUPETE,126,5655,,
COMFORT CONCENTRADO 2 LITROS,2017,7891150000971,,
CONDONES LATEX LUBRICADOS,1336,7804659070512,,
CONDONES SUPER ESTRIADO,3500,7804659070390,,
CONDONES SUPER GRANULADO,1336,7804659070406,,
CONDONES SUPER SENSIBLE,1336,7804659070451,,
CONEJO,0,CONEJO,,
CONFORT DOBLE HOJA 4 ROLLOS 22 METROS,1252,7806500506829,,
CONFORT SUELTO,420,8756,,
COPA CHIRIMOYA ALEGRE FRUNA,840,7802408004948,,
COPA MORA CREMA FRUNA,840,7802408004931,,
CORBATAS CAROZZI,1300,7802575006035,,
CORONA 330CC,1000,75041670,,
CORONA 473CC,1100,7891991305846,,
CORONA 710CC,1500,080660956411,,
CORRECTOR,840,7807265051906,,
CORTA UÑAS,1588,8691234508183,,
COSTA GALLETA SODA CUBO 54 GR,450,7802215511615,,
COSTA RAMA CHOCOLATE LECHE,2300,7802215104855,,
COYAC VARIEDADES,200,,,
CRACKER SEMILLAS 150G,1000,7802225689007,,
CRAZY CHIRIMOYA ALEGRE,1390,7613036868228,,
CRAZY CHOCOLATE,1390,7613035772588,,
CRAZY FRAMBUESA,1390,7613035779037,,
CRAZY SANGURUCHO,1390,7613035391369,,
CREMA  LECHUGA,3000,7800004029068,,
CREMA CHANTILLY SOPROLE TUBO 250G,3487,7802900097011,,
CREMA DE ESPARRAGOS MAGGI  68G,664,7802950006735,,
CREMA DE LECHE NESTLE 157GR,1500,7613032414580,,
CREMA DE LECHE NESTLE 236G,1891,7613032415679,,
CREMA EMULCIONADA SIMONDS,3250,7804945001428,,
CREMA ESPESA SOPROLE 200G,1500,7802900105013,,
CREMA SABOR POLLO MAGGI 72G,700,7802950006766,,
CRIOLLITAS 100G,1600,7802230082831,,
CRISTAL 1L RETORNABLE,1400,7802100001719,,
CROQUETAS DE POLLO SUPER POLLO,336,7809611700261,,
CRUSH 250ML,500,7801620853457,,
CRUSH 3L DESECHABLE,2300,7801620001599,,
CRUSH 600ML,1000,7801620009489,,
CRYZPO CREMA CEBOLLA 130G,2490,7802800533589,,
CUBITOS DE POLLO 300 GR,1765,7809611719058,,
CURRY EDRA 15G,390,7802420004773,,
CUSQUEÑA DORARDA 473CC,800,7753749003216,,
Cafe Gold Cookies&Cream,504,7802800503100,,
Cafe Gold Dulce de Leche,504,7802800000296,,
Caldo en polvo,630,7802410001621,,
Canada dry zero 2L,1700,7801620008055,,
Capri Relleno sabor Menta 30 grs,450,8445290932488,,
Casata Tres Leches Savory 1L ,3600,7613031238217,,
Cassata Savory 1 Lt Brick,3600,7802710350504,,
Cassata Savory 1 Lt Chirimoya Alegre,3600,7802710835155,,
Cassata Savory 1 Lt Piña,3600,7802710831119,,
Cebolla,0,000000000000016,,
Cereal Milo en caja 230 gr,1513,7613287193896,,
Cerveza Becker 470cc,800,7802130000669,,
"Cerveza Becker LAGER 5,6° 6 x 473 cc",4200,78021300006767,,
"Cerveza Becker negra 5,6° 6 x 473 cc",4200,7802130002465,,
"Cerveza Budweiser 5,0° 6 x 473 cc.",5200,7802130002496,,
"Cerveza Corona LATA Extra, Six Pack 473 ml",5700,7802130003646,,
Cerveza Cusqueña Lata 6 X 473cc,4800,7802130002922,,
Cerveza Heineken Lata 470cc,1000,7802100501196,,
Cerveza Lemon Stones 470 Cc,850,7802100004680,,
"Cerveza Miller 355cc 4,7º",1200,03456217,,
Cerveza Royal Guard Premium Lager 5.0° 355 cc,1050,7802100505538,,
Cerveza Sol 4.5° Pack Botella 330 X 6 Unidades,5700,7501049936945,,
Cerveza Sol Botella 330 cc,1000,75001629,,
Cerveza Stones Mango 350cc,950,7802100001559,,
Cerveza Stones Maracuya 350cc,850,7802100002525,,
Charlot Sahne Nuss 1 Lt,5500,7802710566240,,
Charlot Tres Leches Postre 1 Litro,5000,7613031628964,,
Chip Prepago Wom,1200,001.008.1346,,
Chip Prepago entel,1200,560100001251760751,,
Chip prepago Claro,1200,,,
Chip prepago Movistar,1200,,,
Chocolate Blanco Bon o bon barra 95 g,1400,7802225590303,,
"Chocolate Capri Almendra, barra 30 gr",450,7613034279743,,
Chocolate Carezza 120g,1100,7802215101786,,
"Chocolate Kit Kat, 41.5 gr",950,7891000248768,,
Chocolate Sahne Nuss 160g,3100,7613034721051,,
Chocolate Sahne Nuss Tradicional 250 Gr,4800,7802230070227,,
Chocolate Sahne-Nuss 90gr Barra,1800,7613287103529,,
"Chocolate Trencito Barra Grande Nestle, 150 gr",2800,7802230070029,,
Chocolate Trencito barra 80 gr,1600,7802230070012,,
Chubi ácido 22G,300,7802225426640,,
Cigarrillos Kent Neo Rose 20 unid,5000,78026414,,
Cigarrillos Kent Neo Snowfall 20 unid,5000,78028913,,
Cigarrillos Kent Neo Tropic 20 unid,5000,78026438,,
Cigarro Pall Mall AZUL (18),2900,78026476,,
Cigarro Pall Mall ROJO (18),2900,78028531,,
"Cigarro lucky, ALASKA 20 UND",5700,78028432,,
"Cigarro lucky, SHARP CRUSH 20 UND",5700,78024892,,
"Cigarro lucky, purple wild 20",5700,78024717,,
Coca-Cola K-Pop lata 220ml,600,7801610200032,,
Corrector proarte 7ml,1000,7807265051821,,
Crema de Mariscos Maggi,664,8445290846822,,
DAILY GELATINA,650,7809558102708,,
DAILY GELATINA DURAZNO,650,7809558102692,,
DAILY GELATINA FRAMBUESA,650,7809558102449,,
DAILY STEVIA 180ML,3800,7809558101947,,
DANKY NOGATONGA,1990,7613035407176,,
DANKY SAHNE NUSS,1990,7613035421592,,
DANKY VAINIBROOWNIE,1990,8445290952578,,
DE TODITO 290G,2500,7802000015182,,
DE TODITO 84G,1000,7802000016356,,
DE TODITO ORIGINAL 120G,1500,7802000016448,,
DE TODITO OROGINAL 50G,750,7802000015120,,
DE TODITO QUESO 120G,1500,7802000015168,,
DESINCRUISTANTE ACIDO,2590,,,
DESODORANTE AXE DARK TEMPTATION,2101,75076252,,
DESODORANTE REXONA 50G,2101,75029982,,
DETERGENTE ARIEL BOLSA 400G,1530,7500435111270,,
DETERGENTE BIO FRESCURA CAMPOS DE HIELO 800G,1890,7804609730534,,
DETERGENTE BIO FRESCURA DESIERTO FLORIDO 800G,1890,7804609730268,,
DETERGENTE EN POLVO WINNEX  400G ,750,6950018100923,,
DETERGENTE EN POLVO WINNEX PRIMAVERA 400G,750,6904542083337,,
DETERGENTE LIQUIDO MATIC ,3600,,,
DETERGENTE OMO MATIC SOFT 400G,1218,7805000313616,,
DIABLO BLACK CABERNET SAUVIGNON 750ML,7500,7804320750552,,
DIABLO DARK RED 750ML,7500,7804320746104,,
DIABLO DEEP CARMENERE 750ML,7500,7804320758626,,
DISFRUTA SAL EFERVESCENTE LIMON 5G,294,7800004261512,,
DON JUAN VINAGRE DE MANZANA 500ML,1513,7802351000585,,
DONUTS CHOCOLATE COSTA 100 GRS,1008,7802215508523,,
DORADA 1L RETORNABLE,1100,7802100504401,,
DORITOS 200G,2300,7802000017186,,
DORITOS QUESO 100G,1500,7802000015748,,
DORITOS QUESO 40G,750,7802000017476,,
DORITOS QUESO 72G,1000,7802000016318,,
DORITOS SWEET CHILI,1000,7802000018879,,
DOVE ANTI-STRESS,1639,7891150057470,,
DOVE KARITE,1639,7891150019560,,
DULCE DE MEMBRILLO EKART 250G,950,7804000100257,,
DURACEL 2A,850,041333016634 041333016634,,
DURACEL 3A,672,041333428482,,
DURACEL GRANDE CALEFON,4300,041333000985,,
DURAZNOS ACONCAGUA EN CUBITOS 415G,2500,7801800100081,,
DURAZNOS MITADES ACONCAGUA 425 GRS,250,7801800100029,,
DURAZNOS MITADES ACONCAGUA 510 GR,3250,7801800100364,,
Desodorante En Barra Lady Speed Stick Blossom 45 g,3390,7509546004488,,
Desodorante Speed Stick Stain Guard Barra 50g,3990,7509546046822,,
ECENDEDOR RONSON ELECTRONICO,1000,7804612130994,,
EDRA DECORACION S CHOCOLATE,200,7802420006524,,
EDRA MERKEN MOLIDO 15G,450,7802420004834,,
EDRA MOSTASILLA,200,7802420006548,,
EL VERGEL SALSA DE TOMATE 160G,350,7801800108537,,
ELVIVE COLOR VIVE,3521,7509552848076,,
EMBLEM TEA,1000,7801810117420,,
ENCENDEDOR BRINKO,400,7802408203037,,
ENCENDEDOR CLIPPER REUSABLE,1000,8412765508905,,
ENCENDEDOR ELECTRONICO RONSON,1000,5011435626203,,
ENCENDEDOR LIN,350,7809225235821,,
ENCENDEDOR RONSON ,500,5011435624582,,
ENCENDEDOR RONSON TRANSPARENTE,336,7804612131281,,
ENDULZANTE IANSA CERO K STEVIA 250 ML,2941,7801505000419,,
ESCALOPA KAYSER DE VACUNO JAMON QUESO RA,1300,7801930014067,,
ESCOBILLA DE UÑAS,748,7892,,
ESCUDO 1L RETORNABLE,1400,7802100001887,,
ESCUDO SILVER 470CC LATA,800,7802100002952,,
ESCUDO SILVER SIXPACK,4500,,,
ESENCIA DE VAINILLA 100ML,1000,7802420117374,,
ESPARRAGOS VERDES ENTEROS 425 GRS,2800,7802420510380,,
ESPATULA PLASTICA ,1490,,,
ESPIRALES CAROZZI 400G,1300,7802575002235,,
ESPONJA LISA MANLAC,300,,,
ESPONJA SILVER  FIBRO 3U,1500,7805005004779,,
ESPUMANTE SIN ALCOHOL ROSE,4500,7804315011927,,
ESTRELLITAS 30G,500,8445291091023,,
EUCALIPTOS SERRANO 45G,252,7802408001091,,
EXPORRACION SELECTO VINO BLANCO,3990,7804320646732,,
EXPORTACION SELECTO CABERNET SAUVIGNON,3900,7804320365848,,
EXPORTACION SELECTO CARMENERE CABERNET SAUVIGNON 1500CC,3900,7804320389318,,
EXPORTACION SELECTO FRUTAL,3990,7804320760889,,
EXPORTACION SELECTO MERLOT 1500CC,3900,7804320365831,,
Escobilla cleaning brush duo,748,4901105262040,,
FANTA 1.1 L,1400,7801610106303,,
FANTA 1.5L DESECHABLE,1800,7801610002261,,
FANTA 2 LITROS RETORNABLE,1600,7801610002285,,
FANTA 3.0 PET DESECHABLE,2700,7801610002650,,
FANTA 591 CC DESECHABLE,1200,7801610591116,,
FANTA EN LATA 350 CC,900,7801610002193,,
FANTA EXPRESS 237CC,400,7801610222171,,
FANTA RETORNABLE 1 LITRO.,1000,7801610002049,,
FANTA RETORNABLE 3L,2300,7801610333426,,
FASTLYTE 625ML FRUTILLA,1700,7802820774115,,
FIAMBRE SANDWICH 250G,1800,7801907002158,,
FIDEO SAN REMO MOSTACCIOLI,850,7802575203694,,
FIDEOS CABELLOS ANGEL SAN REMO 400GR,714,7802575203335,,
FIDEOS CABELLOS DE ANGEL LARGOS LUCCHETTI 400 GR,1000,7802500000015,,
FIDEOS INSTANTANEOS CAMPO LINDO SABOR POLLO,1000,7804676740061,,
FIDEOS INSTANTANEOS CAMPO LINDO VEGETALES,1000,7804676740078,,
FILETITOS DE PECHUGA 700GR SUPER POLLO,5300,7809611707468,,
FINI AROS SABOR FRUTILLA ACIDA,1000,7898591455193,,
FINI MARSHMELLOWS 80G,1000,7898279797898,,
FINI MASHMELOW 80G,1000,7898279797881,,
FINI TUBOS GELES DULCES SABOR ACIDA  ,1000,7908228801924,,
FINI TUBOS TUTTIFRUTTI ACIDA 80GR,1008,7898591453106,,
FLAN SOPROLE CARAMELO120g,300,7802900257149,,
FLAN SOPROLE VAINILLA 120GR,300,7802900257057,,
FOSFOROS PAVO REAL,1,,,
FRAC  BI 130G,750,7802215512308,,
FRAC CHOCOLATE,750,78022155122786,,
FRAC CLASICA,750,7802215512261,,
FRAC VAINILLA 130G,75,7802215512285,,
FRUGELE 3 POR 100,84,3698,,
FRUGELE XL FRUTALES AMBROSOLI 360G,84,7802200130128,,
FRUTA EXPRESS DURAZNO,600,7804611552018,,
FRUTI FRUT HELADO 70 ML,336,7802408000681,,
FRUTILLA CONGELADA GUAYARAUCO,2450,7803908000645,,
FRUTILLAS EN CONSERVA 567G,2420,7804611552315,,
FRUTILLAS WASIL 415 GRS,2101,7801305002378,,
FUZOL ANTIGRASA,1681,7804920283016,,
FUZOL LAVALOZA CONCENTRADO 1L,1690,7804920280619,,
FUZUL LAVALOZA VINAGRE Y BICARBONATO 1L,1690,7804920280879,,
GALL. GRETEL YOG/FRUT COSTA 85GR,1008,7802215515064,,
GALLETA BROWNIE CHIPS COSTA,1000,7802215505089,,
GALLETA COCO MCKAY GRANDE,1000,7613030518426,,
GALLETA COSTA SABOR CARAMEL,1000,7802215505379,,
GALLETA CRACKLELET GRANDE COSTA,672,7802215511011,,
GALLETA DE LIMON COSTA 140 GRAMOS,1000,7802215505270,,
GALLETA FESTIDULCE  BAÑADAS DOS EN UNO,294,7802225680448,,
GALLETA GRAN CEREAL MUESLI COSTA 135GR,748,7802215302060,,
GALLETA KUKY CLASICA 120 GRAMOS,1100,7802230081162,,
GALLETA LIM#N DOS EN UNO 35G,294,7802225682619,,
GALLETA MACKAY AGUA,1200,7613287778109,,
GALLETA NIK BOCADO VAINILLA,600,7802215504655,,
GALLETA SERRANITA FRUNA 64G,300,7802408015241,,
GALLETA VINO MC KAY 155GR,1000,7613032443191,,
GALLETAS ALTEZA BOCADO MCKAY 140 GRAMOS,1600,7802230082503,,
GALLETAS CARIOCA FRUNA 64G,300,7802408015081,,
GALLETAS CHIBI 35G,250,7802225688727,,
GALLETAS CHOC CHIPS NUTRA BIEN 50G,650,7803525001490,,
GALLETAS CHOCO CHIPS 125 GRAMOS,1000,7802215505140,,
GALLETAS CHOCO KISS 35G,250,7802225688567,,
GALLETAS CLUB  SOCIAL ORIGINAL,200,7622201717636,,
GALLETAS COCO COSTA 125G,1000,7802215505409,,
GALLETAS COCO DOS EN UNO 35G,250,7802225682763,,
GALLETAS DE COCO 3 x100,84,7813,,
GALLETAS DE MANTEQUILLA COSTA 140 GRAMOS,1200,7802215505294,,
GALLETAS DE MANTEQUILLA MAC KAY 140 GRAMOS,1008,7802230083951,,
GALLETAS DE VINO COSTA 160 GRAMOS,1008,7802215505300,,
GALLETAS KUKY CHOCOLATE 120 GRAMOS,1008,7802230081179,,
GALLETAS MINI KUKY 40 GRAMOS,378,7802950088823,,
GALLETAS MINI MOROCHA 50 GRAMOS,450,7613032443221,,
GALLETAS NIK DE FRUTILLA71 GRAMOS,600,7802215504662,,
GALLETAS NIK DE LIMON 71 GRAMOS,600,7802215504679,,
GALLETAS PIT STOP QUESO 27G,200,7896003706581,,
GALLETAS PIT STOP QUESO 27G (copia),200,,,
GALLETAS SELZ JAMON 35G,350,7802225682930,,
GALLETAS TRITON DE CHOCOLATE 126 GRAMOS (copia),840,,,
GALLETAS TRITON VAINILLA MACKAY 126 GRAMOS,840,7802230086952,,
GALLETAS TUAREG COSTA 120 GRAMOS,890,7802215502262,,
GALLETAS YAN YAN CON SALSA DE FRUTILLA 50G,1250,8888077101125,,
GALLETON CHIPS CHOCOLATE NUTRABIEN,500,7803525999933,,
GALLETON CON ALMENDRAS NUTRA BIEN! 40G,500,7803525999957,,
GALLETON CON AVENA PASAS,500,7803525999971,,
GALLETON CON AVENA Y MANZANA,500,7803525999964,,
GANSITO CHOCO WAFER,350,7750727010143,,
GANSITO MARINELA 50G,600,7803473543189,,
GARNIER COLOR,2176,7854,,
GATO BLANCO BOTELLON 1.5 L,3700,7804300122935,,
GATO CABERNET SAUVIGNON 2LT TETRA,3800,7804300121440,,
GATO CABERNET SUAVIGNON BOTELLON 1.5CC,3700,7804300122928,,
GATO CARTON MERLOT 2L,4800,7804300131692,,
GATO DULCE TINTO 1.5L,4800,7804300151829,,
GATO MERLOT 1.5 CC BOTELLON,4800,7804300131715,,
GATO PREMIUM 187.5CC,850,7804300132927,,
GATO ROSE 1.5L,4800,7804300157388,,
GATO TETRA 1 LT (12°),2490,7804300004002,,
GATO TETRA BLANCO 1L,2490,7804300004019,,
GATO TETRA MERLOT 1L,2490,7804300131722,,
GATOLATE 100G,1500,7802000015717,,
GATORADE BLUE 1L,1700,7801620005160,,
GATORADE COOL BLUE 750ML,1300,7801620005191,,
GATORADE FRUTAS TROPICALES 850CC,1500,7801620005153,,
GATORADE MARACUYA 1L,1700,7801620009137,,
GATORADE NARANJA 1L,1700,7801620005177,,
GEL DE CABELLO HAZARD 210G,1084,7804916662016,,
GEL FIJADOR VO5,4160,7506306207516,,
GELATINA DAILY,750,7809558102456,,
GELATINA DAILY FRUTILLA,750,7809558102470,,
GELATINA DAILY NARANJA,750,7809558102463,,
GELATINA PIÑA AMBROSOLI 100G,924,7802200361096,,
GILLETTE VENUS ALOE VERA,1200,7702018072439,,
GLADE HAWAIIAN BREEZE,1975,7790520021977,,
GLADE PASTILLA INOD LAVANDA,924,7790520017710,,
GLOBOS N.2  BOMBAS DE AGUA BALLOONS,1092,8004762001048,,
GO! BEBIDA PARA DEPORTISTAS EN POLVO,650,7802800574094,,
GOLD CLASICO SOPROLE LUCUMA NUEZ,588,7802900000370,,
GOLD PANNA COTTA FRAMBUESA,850,7802900120283,,
GOLPE,1,7802225588508,,
GOLPE PACK X4,1000,,,
GOMA ARTE&Cor,294,2101580602078,,
GOMA PROARTE,294,7807265980282,,
GOMITAS ACIDAS LOOP#AMBROSOLI 25G,252,7802200135413,,
GOMITAS AMBROSITO AMBROSOLI 25G,252,7802200135765,,
GOMITAS MOGUL FRUTALES,500,7790580602000,,
GRAN 120 BLANC 750CC,2100,7804330231218,,
GRAN 120 DULCE 2L,3790,7804330009381,,
GRAN 120 MERLOT 2L,4200,7804330005925,,
GRAN 120 MERLOT 700CC,1900,7804330004386,,
GRAN 120 RED BLEND,3900,7804330099572,,
GRAN CEREAL CLASICA 135GR,824,7802215302053,,
GRAN EDICION 120 2L CABERNET SAUVIGNON/CARMENERE,4200,7804330001996,,
GRAN EDICION 120 2L CABERNET SAUVIGNON/MERLOT,4200,7804330007219,,
GRAS 120 CABERNET SAUVIGNON,4200,7804330005918,,
GROSSO CRUNCH TUTTI FRUTI,100,78921511,,
GROSSO MENTA 5G,100,78926974,,
GUANTES DE ASEO AMARILLOS ACTIVEX,1500,8732500990,,
GUANTES LATEX EL PAR,252,7804604350539,,
GUNYS RING VARIEDADES,500,6998652369863,,
GUSANOS,100,000000005,,
"Galleta Grill, 140 grs",1850,7613037042290,,
Galleta Mckay Limon 120g,1000,7613039257333,,
"Galleta Mini Coco McKay, 40 gr",400,7613031651474,,
"Galleta Mini Limón McKay, 40 gr",400,7613031650729,,
Galleta Mini Niza 40g ,400,7613031651443,,
Galleta Mini Vino 40g,400,7613031649815,,
Galleta Suny 120g,600,7802215502569,,
Galletas Bon O Bon Arcor 95 Gr,1400,7802225640770,,
"Galletas de Soda Selz, 180 gr",1200,7802225683661,,
Galletas mckay niza 150 grs,1000,7613032590369,,
Gomitas Mogul Rollo Extreme 35gr,300,7802225412193,,
HALLS AZUL,400,7622210427076,,
HAMBURGESA DE POLLO KING 50 G,252,7809611703699,,
HAMBURGUESA  CERDO VACUNO WINTER 50G,300,7801900340486,,
HAMBURGUESA BRONTO 185G,1200,7801907006897,,
HAMBURGUESA KING VACUNO Y CERDO,300,7809611709585,,
HAMBURGUESA POLLO WINTER 50G,300,7801900340653,,
HARINA BLANCA CON POLVOS MONTBLANK 1K,1600,7802615005516,,
HARINA CISNE 1K,1000,7809561800219,,
HARINA CON POLVOS GIEN,1500,7809559200137,,
HARINA S POLVOS MONT BLANK,1600,7802615005615,,
HARINA SIN POLVO COLISEO KILO,1345,7804608220883,,
HARINA SN POLVOS GIEN,1500,7809559200120,,
HARINA TOSTADA OSO 500G,1400,7803960100406,,
HARINA YANINE C/P  1 KL,1345,7802612000040,,
HEAD&SHOULDERS LIMPIEZA RENOVADORA 180ML,2000,7500435019958,,
HEINEKEN 1L RETORNABLE,1500,7802100002242,,
HEINEKEN SILVER LATA DE 470CC,1150,780210000772,,
HELADO 1L CHAMONIX PIÑA,2000,7613032484934,,
HELADO AGUA MADEL FRAMBUEZA,210,7800030114028,,
HELADO AGUA MADEL NARANJA,210,7800030112024,,
HELADO COSTARAMA BRESLER,5600,7802705401549,,
HELADO DE AGUA PIÑA MADEL,210,7800030113021,,
HELADO DOBLON,550,7802705401334,,
HELADO FRUGELE PIÑA,250,7802705400948,,
HELADO GIGA FRAMBUESA,700,7862140820190,,
HELADO GUAYARAUCO YOGURTH DE FRAMBUESA  59G,1100,7803908007170,,
HELADO HUALLARAUCO FRAMBUESA,1100,7803908003103,,
HELADO HUALLARAUCO MANGO MARACUYA,1300,7803908007743,,
HELADO KITKAT,1990,7613287171696,,
HELADO MILKA 75G,1700,7801552006525,,
HELADO MR. CHOCH,550,7800031155020,,
HELADO ORLY BERRIES,950,7802705401617,,
HELADO ROLLS VASITO,1100,7802705401341,,
HELADO SAHNE-NUSS,5700,7613036566377,,
HELADO SANDIA TRENDY,420,7801552002299,,
HELADO SAVORY CASSATA BANANA SPLIT 1LT,3600,8445290341730,,
HELADO SAVORY CHOCOLATE BLANCO FRAMBUESA,3600,7613287221438,,
HELADO SAVORY CHOCOLATE LUCUMA CASSATA 1LT,3600,8445290341686,,
HELADO SHNE-NUSS,5500,7613035493650,,
HELADO TRENDY 1L CASSATA,2800,7801552001964,,
HELADO TRENDY 1L TIRAMISU TRES LECHES Y CHOCOLATE CHIPS,2800,7801552006648,,
HELADO TRENDY CHIRIMOYA ALEGRE,400,7801552002855,,
HELADO TRENDY PIÑA COLADA,400,7801552002459,,
HELADO TROCK CHOCOMANI 66G,1100,7801552006709,,
HELADO VIVO FRUITILLA,350,7802705401266,,
HIERBA SUPREMON MANZANILLA 20 BOLSITAS,1008,7801875058065,,
HUEVITOS DE ORO DOS EN UNO,1000,7802225572989,,
HUEVO DINO,1000,2495424123530,,
HUEVO XXL,1000,6995424123234,,
Hamburguesa tradicional PF Carne 100 gr,550,7801930021959,,
Helado Casatta Chocolate Suizo 1lt,3600,7613032657185,,
Helado Casatta Vainilla 1lt,3600,7802710832116,,
Helado Postre mega frambuesa 650 ml Savory,5500,8445290587947,,
"Helado Savory Cassata Chocolate Suizo, 1 lt",3600,7613287221629,,
"Helado Savory Cassata Pasas al Ron, 1 lt",3600,7802710835216,,
"Helado Savory Charlot Vainilla, 1 lt",5000,7802710566219,,
"Helado Savory Crocanty, 90 ml",890,78006140,,
"Helado Savory Lolly Pop ,90ml",780,78006027,,
"Helado Savory Mega Sahne Nuss ,90ml",1990,7613035808133,,
Helado Savory Trululu,550,7613032180096,,
Helado con tutti,650,7801552006679,,
IANSA AZUCAR 1K,1850,7801505231912,,
IGIENIX CLORO 1L,1500,7805040004758,,
IGIENIX CLOROGEL LAVANDA 900ML,1550,7805040001825,,
IGIENIX EUCALIPTO 900ML,1550,7805040000781,,
Insecticida Tanax 220cc Casa y Jardín,2600,7805300049161,,
JABON ANTIBACTERIAL,1252,8692730512421,,
JABON CREMA DOBLE HUMECTACION BALLERINA 750ML,1900,7804920350831,,
JABON DOVE ORIGINAL 90 GRS,1639,7898422746759,,
JABON EN BARRA LUX AQUA SPARK,950,8999999527709,,
JABON EN BARRA LUX BRIGHT,650,8999999527716,,
JABON EN BARRA LUX MAGIC SPELL,650,8999999527693,,
JABON EN BARRA LUX SOFT TOUCH,650,8999999527563,,
JABON ENERGY BERGAMOTA Y LIMON BALLERINA 750ML,1900,7804920007711,,
JABON HIPOALERGENICO BALLERINA 750ML,1900,7804920350862,,
JABON LE SANCY ACEITE DE ALMENDRAS 90G,1008,7791293020099,,
JABON POPEYE HIPOALERGENICO BEBE,1400,7805045001080,,
JABON RELAX  EUCALIPTO Y LILIUMS 750ML,1900,7804920007728,,
JABON YOGHURT Y ARANDANOR BALLERINA 750ML,1900,7804920012166,,
JACK DANIELS APPLE 700ML,20000,5099873017876,,
JACK DANIELS HONEY 700ML,25000,08218400033,,
JACK DANIELS WHISKEY 700ML,20000,082184090466,,
JAGERMEISTER SPICE 700ML,21500,4067700010841,,
JALEA FRAMBUESA SOPROLE 110 GRS,400,7802900295080,,
JALEA GUINDA SOPROLE 110 GRS,294,7802900295103,,
JALEA SOPROLE PIÑA 110GR,400,7802900295035,,
JALEA SOPROLE TUTTI POP 110G,350,7802900295127,,
JAMON ACARAMELADO RECETA DEL ABUELO 125G,2200,7801930000794,,
JAMON PIERNA RECETA DEL ABUELO,1850,7801930000817,,
JBERRIES ACAI 1.5L,1600,7798088141502,,
JBERRIES ARANDANOS 1.5L,1600,7798088140369,,
JBERRIES FRUTOS ROJOS 1.5L,1600,7798088140444,,
JBERRIES LIMONADA Y GENGIBRE 1.5L,1600,7798088141427,,
JBERRIES TE VERDE (Y ARANDANO) 1.5L,1600,7798088141243,,
JBERRIES UVA 1.5L,1600,7798088140543,,
JOHNNIE WALKER 1L,13500,5000267013626,,
JOHNNIE WALKER 750CC ,9500,5000267014074,,
JOHNNIE WALKER BLACK EDITION 750CC,30000,5000267024004,,
JUGO ANDINA DEL VALLE NARANJA 1.5 LT,1513,7802820700053,,
JUGO ANDINA DEL VALLE PIÑA 1.5 LT,1400,7802820700251,,
JUGO DAMASCO SOPROLE 200 CC,319,7802900481049,,
JUGO DURAZNO SOPROLE 200 CC,319,7802900481131,,
JUGO LIMON MONTANER 250CC,588,7802345101021,,
JUGO MANZANA WATTS 200 ML,400,7802810006592,,
JUGO NARANJA ANDIFRUT 200CC,319,7802820700091,,
JUGO NARANJA SOPROLE 200 CC,319,7802900481063,,
JUGO WATTS DE MANZANA DE 1.5LT,1800,7801620001902,,
JUGO WATTS MARACUYA 1.5LT,1800,1727785,,
JUGO WATTS NARANJA 300 ML,850,7801620011659,,
JUGO WATTS TUTTI FRUTILLA DE 1.5 LITROS,1800,7801620001841,,
JUMEX DURAZNO 335ML,890,7501013118056,,
JUMEX PIÑA 335ML,890,7501013118117,,
JUREL AL NATUTRAL  SAN JOSE 425 GR,2200,7801235131117,,
JUREL DE REYES 425G,1200,7804609020581,,
Jugo tutti frutilla 300cc Watts,850,7801620001834,,
KAPO 200CC NARANJA,400,7802820250206,,
KAPO DE FRAMBUESA 200CC,400,7802820250268,,
KAPO MANZANA 200CC,400,7802820250244,,
KAPO PIÑA 200CC,400,7802820250220,,
KEM 250CC,600,7801620010133,,
KEM 600CC,1000,7801620009441,,
KEM EXTREME 600CC,1300,7801620009434,,
KEM PIÑA DE 2 LITROS DESECHABLE,1681,7801620350215,,
KEM PIÑA DESCH. 3 LT.,2300,7801620001223,,
KEM PIÑA EN LATA 350CC,1000,7801620852580,,
KEM RETORNABLE 11/4,1200,7801620008154,,
KEM XTREME,1900,7801620001988,,
KEM XTREME blue berry,1900,7801620009090,,
KEM ZERO PET 2.0CC X 6,1400,7801620008123,,
KENT ACTRON,5600,78010758,,
KENT BLUE UP,5300,78025271,,
KENT CLICK UP,5600,78025295,,
KENT NEO 10U,2600,78021020,,
KENT SILVER UP,5300,78025332,,
KENT WHITE UP,5300,78025288,,
KETCHUP DON JUAN 100 GRS,420,7802351611002,,
KETCHUP HELLMANNS 500G,1849,7802640720538,,
KILLER INSECTICIDA  ARAÑAS Y CUCARACHAS 240G,2550,7805040005304,,
KILLER INSECTICIDA CASA Y JARDIN 240G,2550,7805040005274,,
KILOMBO,252,7802408092082,,
KING PAPER,1500,7898960207187,,
KRYZPO 36X100 ORIGINAL 140GR,2185,7802800533565,,
KRYZPO 36X100 SABOR QUESO 140GR,2400,7802800533572,,
KRYZPO LAMINAS FRITAS QUESO 40GR,850,7802800535576,,
KUNSTMANN MIEL 500CC,2000,7802107000777,,
KUNSTMANN ORIGINAL ANWANDTER,2000,7802107000197,,
Kryzpo Cebolla 40 g ,900,7802800535583,,
Kunstmann Torobayo 330 cc x6,8900,7802107000302,,
LADY SPEED STICK,3390,7501035908925,,
LADYSOFT NOCTURNA ULTRADELGADA,1500,7806500962809,,
LADYSOFT PROTECTOR DIARIO 20 UNIDADES,748,7806500962335,,
LADYSOFT ULTRADELGADA TELA SUAVE CON ALAS,1134,7790250096078,,
LADYSOFT ULTRADELGADA TELA ULTRASECA CON ALAS,1500,7790250096061,,
LAPICES 12 COLORES FIXOCOLOR,1084,7806650315517,,
LAPICES 12 COLORES HEXAGONALES FULTONS LARGOS,1588,4100014162001,,
LASAÑA 15 MINUTOS CLASICA LUCCHETTI 360 GR,2200,7802500221663,,
LATA ORANGE 350 CC,1000,7801620330132,,
LATA PAP 355CC,1000,7801620300203,,
LATA PEPSI 350,800,7801620852689,,
LATEST HARVEST 250ML LATA,2690,7804315012740,,
LAVALOZAS CONCENTRADO VIRGINIA 200ML,798,7805040003300,,
LAVALOZAS CONCENTRADO WYN,2050,7804609730435,,
LAYS ARTESANAS 95G,1500,7802000017698,,
LAYS ARTESANAS SALSA VERDE 150G,2200,7802000017384,,
LAYS ARTESDANAS CEBOLLA pimienta,2200,7802000018749,,
LAYS CORTE AMERICANO 100G,1500,7802000016424,,
LAYS CORTE AMERICANO 200G,2000,7802000019104,,
LAYS CORTE AMERICANO 38G,750,7802000002526,,
LAYS JAMON SERRANO 180G,2300,7802000018312,,
LAYS JAMON SERRANO 36G,750,7802000017704,,
LAYS KETCHUP 180G,2300,7802000018343,,
LAYS OREGANO 180G,2300,7802000018329,,
LAYS OREGANO 36G,750,7802000017735,,
LAYS QUESO CHEDDAR,1000,7802000018794,,
LAYS SABOR JAMON SERRANO,1849,7802000015427,,
LAYS SABOR KETCHUP 36G,750,7802000017537,,
LAYS STAX ORIGINAL,2500,7802000013607,,
LAYS STAX QUESO CHEDDAR 134G,2500,7802000013614,,
LAYS STAX SABOR CREMA CEBOLLA 134G,2500,7802000013621,,
LECHE CHOCOLATE 1L  colun,1800,7802920801087,,
LECHE CHOCOLATE SOPROLE 1 LITRO,1429,7802900050078,,
LECHE CHOCOLATE SOPROLE INDIVIDUAL,650,7802900056070,,
LECHE CON CAFE SEMIDESCREADA,1200,7802920008110,,
LECHE CON CHOCOLATE COLUN 200ML,600,7802920777214,,
LECHE CONDENSADA NESTLE 397G,2300,7613030049883,,
LECHE DES 1L COLUN,1650,,,
LECHE EN POLVO NIDO 700G,4990,8445290118288,,
LECHE ENTERA COLUN 200ML,600,7802920801858,,
LECHE ENTERA SOPROLE 1 LTS.,1600,7802900001308,,
LECHE EVAPORADA BELLA HOLANDESA,1800,8716200675376,,
LECHE EVAPORADA IDEAL NESTLE 400 GRMS.,2000,7752087774932,,
LECHE NIDO POLVO 130G ,1350,8445290193193,,
LECHE SABOR FRUTILLA COLUN,600,7802920759135,,
LECHE SOPROLE FRUTILLA TETRA 200CC,650,7802900056025,,
LECHE SUR 397G ,1780,8445290794734,,
LED BULB ECONOMIC 12W,1500,,,
LENGUIX TATTOO EXTREME FRAMBUEZA,420,7801552002435,,
LEVADURA INSTANTANEA PASHA 125G,1450,8680202110763,,
LEVADURA LEFERSA 10 GRAMOS,378,7803000000475,,
LIMON SODA,600,7801620000899,,
LIMON SODA 2 LITROS DESECHABLE,2000,7801620340216,,
LIMON SODA 600ML,1000,7801620009403,,
LIMON SODA DESECHABLE 3 LT.,2300,7801620001643,,
LIMON SODA LATA 350,850,7801620340155,,
LIMON SODA ZERO DESECHABLE 2 LTS.,1400,7801620007980,,
LIMPIAPISO 5 LITROS,21008,7843,,
LIPTON YELLOW LABEL 40G,1900,7801810712663,,
LIVEAN DURAZNO S AZUCAR,250,7802800576449,,
LIVEAN FRUTILLA,250,7802800576517,,
LIVEAN PIÑA 7G,250,7802800576456,,
LIVIANG NECTAR MANZANA 200ML,550,7802800544332,,
LOBOS SAL PARRILLERA 750G,1850,7803600981532,,
LOLY CHOC BRESLER,950,7802705400979,,
LOMOS DE ATUN SAN JOSE 160G,1650,7801235001885,,
LOPPO ARCOR 11G,250,8852008511406,,
LUCCHETTI CORBATAS 400 GRS,1200,7802500003023,,
LUCCHETTI MARIPOSA ,900,7802500002026,,
LUCCHETTI SALSA DE TOMATES 200G,700,7802500037059,,
LUCHETTI DEDALITOS 250G,900,7802500182315,,
LUCHETTI SPAGHETTI 5 400G,1200,7802500000053,,
LUCKIES STRIKE COMPACT 20`SANDIA ,4400,78028838,,
LUCKY PATTERSON 20`AZUL ,3800,78019324,,
LUCKY STRIKE 20` SANDIA ,5700,78025240,,
LUCKY STRIKE CLICK FROST,3500,78016293,,
LUCKY STRIKE CLICK FROST,5700,78024878,,
LUCKY STRIKE COMPACT CLICK 20U,4400,78028791,,
LUCKY STRIKE ECLIPSE,5700,78030442,,
LUCKY STRIKE FRESH WILD COMPACT,4400,78028814,,
LUCKY STRIKE PATTERSON ROJO 20,3800,78019317,,
LUCKY STRIKE PURPLE WILD 10,3500,78022010,,
LUCKY STRIKE SHARP CHUSH 10,3500,78024403,,
LYSOFORM LIPM. PISO BOSQ,1840,7790520016324,,
LYSOFORM SPRAY ORI. 300G,3017,7790520014313,,
Leche Colun Café Caramelo 330 ml,1200,7802920008127,,
Lomitos de atun en aceite marca antartic,1300,7804621471491,,
MADE MORA AGUA HELADO,210,7800201012313,,
MADISON  TABACO NATURAL,9200,7730104033651,,
MADISON TABACO VIRGINIA,9200,7730104033590,,
MAGDALENAS CON COCO RALLADO,800,7803403003769,,
MAMADERA TOP KIDS,2100,0765439876489,,
MAMUT HAMBURGUESA DE VACUNO RDA 185G,1200,7801930010809,,
MANI,500,000000000006,,
MANI CHOC FRUNA,1400,7802408005457,,
MANI SALADO 150G,1100,7802000017742,,
MANI SALADO SEMBRA SOL,1300,7804612221807,,
MANICHOC FRUNA 250G,2000,7802408005464,,
MANJAR 1K NESTLE,4500,,,
MANJAR NESTLE 1K,4500,7802950004892,,
MANJAR NESTLE SACHET CHICO 200 GRAMOS,1092,7802950009408,,
MANKEKE 100 GR MARINELA,1000,7803473004376,,
MANQUEHUITO SANGRIA 750ML,2500,7804300157067,,
MANTECA PALMIN 100GR,1200,7802810006868,,
MANTEQUILLA 250GS SOPROLE,2800,7802900121013,,
MANTEQUILLA CAMPO,1500,7801907067768,,
MANTEQUILLA LOS NOGALES 125G ,1500,7801907607768,,
MANTEQUILLA QUILLAYES,1450,7802930000531,,
MANTEQUILLA SOPROLE C SAL PAN 125 GRS,1750,7802900120016,,
MARGARINA DORINA 500G,2600,8719200186569,,
MARGARINA QUALY 250G,1400,7891515492816,,
MARGARINA SOPROLE 125G,750,7802900600006,,
MARGARINA SOPROLE 250GR,1471,7802900605001,,
MARGARINA SOPROLE 500 GR,2269,7802900617011,,
MARSHMELLOW FRUNA,2000,7802408004009,,
MARUCHA CARNE ASADA,1300,041789001888,,
MAS CACHANTUN PERA PET 1.6l,1700,7801620006655,,
MASTER CAT ADULTO SABOR SALMON 500 GR,1933,7801920001381,,
MASTER DOG SABOR CARNE ADULTOS 700GR,1975,7802575533180,,
MATA MOSCAS KILLER 320G,3550,7805040004307,,
MAVAM BRONZE 750ML,7000,8437012783522,,
MAYO DELI KRAFT,1780,7800159001148,,
MAYONESA CASERA DON JUAN,2400,7802351000592,,
MAYONESA CLASICA DON JUAN 100G,500,7802351624002,,
MAYONESA DON JUAN 380G,1700,7802351625030,,
MAYONESA HELLMANNS 93 GRS,824,7805000301484,,
MAYONESA HELLMANNS DE 670G,2261,7805000312329,,
MCKAY ALTEZA HELADO 140G,1650,8445290317742,,
MCKAY MARAVILLA 125G,1000,7613039496275,,
MCKAY SODA 180G,1200,7802230086648,,
MEDALLA REAL MERLOT RESERVA 750ML,4200,78043300006939,,
MEDALLITA DE PECHUGA,750,7809611719195,,
MEGA ALMENDRAS,1990,7613036185318,,
MEGA CHUNCKIE,1990,8445290921727,,
MEGA COOKIES AND CREAM,1990,7613287793881,,
MEGA DELTA MARACUYA,5500,8445290591715,,
MEGA FRAMBUESA,1990,7613035807464,,
MENTHOLATUM ,1000,78037830,,
MENTITAS AMBROSOLI 25 GR,300,7802200132696,,
MERMELADA PERELLÓ FRAMBUESA,900,7809562401354,,
MERMELADA PERELLÓ GUINDA,900,7809562401347,,
MERMELADA WATTS DAMASCO,2000,7802810031013,,
MERMELADA WATTS DURAZNO,2000,7802810031020,,
MERMELADA WATTS FRUTILLA,2000,7802810031075,,
MERMELADA WATTS FRUTILLA 250G,2000,802810031075,,
MICROCHIPS,1294,7789,,
MILO ACTIGEN SOBRE NUEVO 28G,462,7613034868237,,
MILO ACTIV GO 150 GRS,1975,7613030447979,,
MINI CONO DE MANJAR,450,7801552001803,,
MINI SALAMIN,840,7801930021218,,
MINI TRITON CHOCOLATE 40G,378,7613036637558,,
MINI TRITON VAINILLA 40G,378,7613032464042,,
MINUTO VERDE HABA,800,7801220002866,,
MISION GRAN RESERVA MEDIUM SWEET CARMENERE,6100,7804300158026,,
MISIONES D RENGO CABERNET SAUVIGNON 750CC ,3990,7808704700058,,
MISIONES D RENGO CUVEE,5690,7808704700119,,
MISIONES D RENGO MERLOT 750 CC,3190,7808704700140,,
MISIONES DE RENGO BLACK CARMENERE,6290,7808704701048,,
MISIONES DE RENGO CABERNET SAUVIGNON 187.5ML,900,7808704650040,,
MISIONES DE RENGO CHARDONNAI,3350,7808704700072,,
MISIONES DE RENGO RED BLEND,6300,7808704701109,,
MISIONES DE RENGO RESERVA CARMENERE,5690,7808704700003,,
MISIONES DE RENGO RESERVA CEBERNET SAUBVIGNON,5690,7808704700157,,
MISIONES DE RENGO RESERVA MEDIUM SWEET CABERNET SAUVIGNON,4700,7804300157647,,
MISIONES DE RENGO RESERVA MERLOT 750ML,6890,7808704700195,,
MISIONES DE RENGO RESERVA RED BLEND,6600,7804300157654,,
MISIONES DE RENGO RESERVA SAUVIGNON BLANC,4700,7804300157661,,
MISTRAL ICE 275CC,1550,7802175454076,,
MISTRAL ICE ENERGY LATA 310CC,1400,7802175001447,,
MISTRAL ICE LATA 275CC,1400,7802175454885,,
MISTRAL ICE SUPER FRUIT 275CC,1550,7802175001645,,
MIX MANI ALMENTRAS Y PASAS 150G,1429,7802000006173,,
MOGUL EXTREME 120 GR,1513,7802225409551,,
MOGUL EXTREME OSITOS,300,7802225403207,,
MOGUL PIECITOS,300,7790580409135,,
MOGUL TIBURONCITOS,252,7790580200114,,
MONSTER RED,1800,070847890331,,
MONSTER RIPPER 500CC,1800,0070847009559,,
MONSTER ULTRA 500CC,1800,070847021964,,
MONSTER ULTRA GOLD 500CC,1800,0070847031406,,
MONSTER ULTRA PARADISE,1800,070847035206,,
MORTADELA JAMONADA LA CRIANZA 150G,1250,7801915001013,,
MOSTACCIOLI CAROZZI,1300,7802575001832,,
MOSTACHOLI LUCCHETTI,1200,7802500001067,,
MOSTAZA DON JUAN 100G,500,7802351311001,,
MOSTAZA DON JUAN 1KILO,2185,7802351312206,,
MOSTAZA TRAVERSO 100GR,420,7802337920340,,
MUSTANG ALMENDRADO,504,7802408005167,,
MUSTANG BLANCO,504,7802408000490,,
MUSTANG CREMA FRAMBUEZA,504,7802408000506,,
Marcador Permanente Proarte rojo,890,7807265007613,,
Marcador permanente artel,1,7807210011511,,
Marcador permanente artel Azul,790,,,
Mayonesa Kraft  394 gr,3529,021000026968,,
Miller Brewing Co - Miller Genuine Draft Beer (6 pack 12oz bottles),5600,03410017505,,
Monster ORIGINAL  500CC ,1800,070847009511,,
NAIPE ESPAÑOL,1261,755695680425,,
NECTAR DE DURAZNO 1.5 LITROS WATTS,1800,7801620011611,,
NECTAR DE NARANJA WATTS 1.5 LITROS,1800,7801620011604,,
NECTAR PIÑA SOPROLE / 200CC,319,7802900481032,,
NECTAR SOPROLE MANZANA 200CC,319,7802900481162,,
NESCAFE 400G TRADICION,12000,7802950002720,,
NESCAFE CAPPUCCINO 14 GR,600,7613033458101,,
NESCAFE FINA SELLECCION ORGANICA 100G,4900,7613036501507,,
NESCAFE MOKA 144G,600,7613033458507,,
NESCAFE TRADICION 3 EN 1 24G,462,7613035311565,,
"NESCAFE VAINILLA LATTE 18,5 GR",500,7613033458538,,
NIDO 1350G,12000,8445290262387,,
NOVA 1 ROLLO,850,7806500406488,,
NUEZ MOSCADA MOLIDA,350,7802420004858,,
NUEZ MOSCADA MOLIDA GOURMET 5G,500,7802410181378,,
NUGGETS POLLO KING 300GRS.,1300,7809611716989,,
Nectar Watts Durazno 300cc,850,7801620011666,,
Nectar Watts Naranja Platano 1500cc,1800,7801620004132,,
Nikolo 24 g Dos en uno,350,7802225538114,,
Néctar Watts Piña 1.5 L,1800,498244002,,
Néctar Watt´s Damasco 1.5 Lt,1800,7801620011628,,
Néctar Watt´s Tutti Arandano 1.5 L,1500,7801620003500,,
OBA OBA,300,7802225281614,,
OBLEA ALTEZA CHIRIMOYA MCKAY 180GR,1600,7802230082510,,
OBLEA ALTEZA FRUTILLA MCKAY 140 GRS,1600,7802230082527,,
OBLEA KILATTE 22G.,252,7802408000919,,
OBSESION MANI 85G,1008,7802215514333,,
OCB,840,3057067101253,,
OCB EXPERT,1000,30068926,,
OCB FILTRO ECO SLIM 6MM,1500,3057068103720,,
OCB FILTRO MENTHOL SLIM 6MM ,1500,3057068255788,,
OCB ORGANICO,1000,30087859,,
OCB ORIGINAL,1000,30063082,,
OCB ULTIMATE,1000,30119550,,
OCB VIRGIN PAPPER +FILTER,1400,30120112,,
OMO MATIC EN POLVO 400 GRS,1218,7805000313722,,
OMO TRADICIONAL AZUL 400 G,1218,7805000313777,,
ORBIT DE ARANDANO,900,42123880,,
OREGANO 20g,588,7802420004865,,
OREGANO MARCO POLO 15G,350,7802420110276,,
Orbit bubblemint,900,42247371,,
Orbit hiervabuena,900,50173822,,
Orbit white,900,42069942,,
PACK JHONNIE WALKER TANKUERAY DARK LABEL,33990,7804603923178,,
PACK NESCAFE 2 TARROS,10000,7613036653435,,
PACK OREO 216G,1500,7750168001953,,
PAEPL HIGIENICO CONFORT BLANCO DOBLE HOJA,1639,7806500505006,,
PALL MALL 10' AZUL,1900,78018853,,
PALL MALL AZUL CLICK 10',2600,78019041,,
PALL MALL BAR AZUL,3400,78012523,,
PALL MALL PLOMO 10' ,1900,78018860,,
PALL MALL ROJO 20,3400,78012578,,
PALL MALL VERDE 10',2600,78019065,,
PALL MALL XL AZUL,3900,78028043,,
PALL MALL XL BOOST,4600,78025059,,
PALL MALL XL CLICK,4600,78025035,,
PALL MALL XL RED,3900,78028036,,
PALL MALL XL SILVER,3900,78028050,,
PALL MALL XL SUNRISE MIX,4600,78029071,,
PALL MALL XL SUNSET,4600,78025066,,
PALMITOS EN RODAJAS DEYCO 400G,2400,7801534003337,,
PALTA,0,PALTA,,
PAMPERS CONFORT SEC XXG,5500,7500435122450,,
PAN BLANCO IDEAL 550 GR,2700,7803403003271,,
PAN DE COMPLETO XL IDEAL 6 UNIDADES,2000,7803403002632,,
PAN DE HAMBURGUESA FUCHS,2600,7803480001214,,
PAN DE HAMBURGUESA IDEAL 8 UNIDADES,2101,7803473215253,,
PAN DE MOLDE FUCHS INTEGRAL,3000,7803480020079,,
PAN DE PASCUA CENA,3000,7803403003493,,
PAN FUCHS LINAZA CHIA 380 GRS,2300,7803480001092,,
PAN FUCHS MULTIGRANO 380 GRS,2300,7803480001078,,
PAN RALLADO TRADICIONAL IDEAL,1400,7803403002212,,
PAP 2.0 LTRS DESECHABLE,1681,7801620300210,,
PAP 250CC,600,7801620016074,,
PAP 3.0 LT DESECHABLE,2300,7801620001216,,
PAP 600CC,1000,7801620009380,,
PAP ZERO DESECHABLE 2.0 LTS,1400,7801620006518,,
PAPAS CASERAS CIBOULETT MARCO POLO 200 G,2143,7802420001840,,
PAPAS FRITAS 500G FRUTOS DEL MAIPO,1900,7801300000072,,
PAPAS FRITAS CORTE AMERICANO 200G,1765,7802420151477,,
PAPAS FRITAS KRIZPO ORIGINAL 37G,900,7802800535569,,
PAPAS MARCO POLO CORTE AMERICANO 230 GR,1849,7802420007507,,
PAPAS PREFRITAS SAN JORJE 1K,3400,7801907022880,,
PAPEL HIGIENICO FAVORITA 4 ROLLOS,1008,7806540009243,,
PAPEL HIGIENICO SCOTT PACK 4 ROLLOS,1600,7809604028099,,
PAPELILLO PREMIUM OCB 1 1/4,840,30052765,,
PASTA DE DIENTES COLGATE 75ML,1750,7509546000985,,
PASTA DENTAL  LOL SURPRISE 50GR,850,7804915517652,,
PATE DE POLLO PF 125GR,748,7801930003122,,
PATE DE TERNERA PF 125G,650,7801930003115,,
PATE JAMON SAN JORGE 125G,700,7801907004404,,
PATE SABOR JAMON PF 125G,720,7801930003139,,
PATE SALAME RECETA DEL ABUELO,1000,7801930008226,,
PATE TERNERA SAN JORGE 125 GR,700,7801907004305,,
PATEC DE CAMPO RECETA DEL ABUELO 125G,1000,7801930008219,,
PAÑUELOS DESECHABLES ELITE TRIPLE HOJA,300,7806500172116,,
PECHUGA ACACARAMELADA SOPRAVAL 125G,1350,7809611720085,,
PECHUGA DE POLLO ACARAMELADA SAN JORGE,7479,1191,,
PECHUGA DESHUESADA SUPER POLLO,5300,7809611707444,,
PEDIGREE 100G ADULTO POLLO EN SALSA,700,7797453000802,,
PEGAMENTO EN BARRA  8 GR,445,17807210650014,,
PEGAMENTO LA GOTITA,2101,77317186,,
PEINE METALICO,2521,7804601640046,,
PEPSI 250CC,600,7801620855253,,
PEPSI 2LT DESECHABLE,1681,7801620014681,,
PEPSI 3 LITROS DESECHABLE,2300,7801620017552,,
PEPSI 600CC,1000,7801620009373,,
PEPSI ZERO DESECHABLE 2LTS.,1400,7801620006877,,
PEPSI ZERO LATA 350 ML,850,7801620006846,,
PICLES EN VINAGRE DON JUAN 360G,1350,7802351461201,,
PIERCED EARRINGS,500,,,
PILAS AA,450,7878,,
PILAS AAA,450,7877,,
PILAS EVEREADY D GRANDES,850,7501037601770,,
PIMIENTA EDRA 15G,450,7802420004964,,
PINAS EN TROCITOS SAN REMO 565G,2150,8858710000054,,
PINGUINOS MARINELA 2 UNIDADES,800,7803473542182,,
PISCO MISTRAL 35° 1L,11500,7802175455912,,
PISCO MISTRAL 35° 750CC  ,7500,7802175001065,,
PISCO MISTRAL NOBEL  750CC ,13500,7802175453253,,
PISCO MISTRAL NOBEL APPLE 750CC,13500,7802175002888,,
PISCO RESERVADO ESPIRUTU DE LOS ANDES,11900,7802175003069,,
PISCO SOUR CON JUGO DE LIMON CAPEL 700CC,3500,7802110001143,,
PIZZA 1 METRO RECTANGULAR,2500,7803403232114,,
PIZZA JAMON QUESO PF,3900,7801930013268,,
PIZZA PEPPERONI PF,3900,7801930013244,,
PIÑA EN RODAJAS ACONCAGUA 565 GR,3250,7801800103242,,
PIÑAS EN RODAJAS 822 G,2681,7801315151608,,
POET FLORES DE PRIMAVERA 485ML,1200,7805025694219,,
POETT LAVANDA 485ML,1200,7805025694202,,
POETT MULTIESPACIOS FRAGANCIA LAVANDA 250ML,630,7805025688355,,
POETT MULTIESPACIOS LAVANDA 900ML,1600,7792960000147,,
POETT MUSICA EN PRIMAVERA,1200,7805025697524,,
POLVO DECOLORANTE,1008,7791973002131,,
POP CORN CARAMELO,1681,7802420003813,,
POROTOS BLANCOS ESMERALDA,1350,7801315000135,,
POROTOS BLANCOS LOS GRANOS 1K,3500,7804673160046,,
POROTOS TORTOLA 1K,3700,7804673160077,,
POROTOS VERDES MINUTO VERDE 150G,800,7801220221113,,
POVIDIN POMADA TOPICA,1420,7800020163029,,
POWER ADE AZUL 1.1 litros,1300,7802820678048,,
POWER ADE AZUL 850 ML,1100,7802820678147,,
POWERADE NARANJA 850ML,1100,7802820678161,,
POWERADE NARANLA 1.1L,1300,7802820678062,,
POWERADE ROJO 1.1L,1300,7802820678055,,
POWERADE ROJO 850ML,1100,7802820678154,,
PREPIZZA CLASICA 500GR 2 UNIDADES,1900,7803403236341,,
PRESTOBARBA AZUL GUILLETE,700,7500435154420,,
PRESTOBARBA GILLETE 3 HOJAS GRIS,1176,7500435195829,,
PRESTOBARBA GILLETTE 3 HOJAS,1200,7702018880409,,
PRESTOBARBA ULTRAGRIP 2 AZUL,840,7500435180207,,
PRESTOBARBA VENUS,1387,7702018265619,,
PRIMAVERA DE VERDURAS MINUTO VERDE 200GRS,756,7801220801209,,
PROMO CHUBIS,1000,,,
PROMO NIKOLO X4,1000,,,
PROMO TIFANYS,1000,,,
PROMOCION HAMGURGUESA PF POLLO-CARNE,840,3030,,
PROPAPEL SERVILLETAS,2000,0658325031690,,
PURA FRUTA  FRAMBUESA,1190,7613037777659,,
PURE DE PAPAS MAGGI 250G,2300,7802950006827,,
PURINA SACHET POLLO E HIGADO,756,7891000241172,,
Pack Cerveza Royal 6x470cc Lata,6300,7802100002754,,
Paltas,0,000000000000015,,
Papas Fritas Lays Artesanas Merkén 150 g ,2200,7802000018442,,
"Papas Lays Artesanas, 150 gr",2200,7802000017421,,
Papel Higiénico Noble Doble Hoja 6 un 23mt,2000,7806500508335,,
Pegamento Chemmer Super Glue (Gotita) 3grs,850,4719867213190,,
"Pisco Mistral Nobel FIRE 30gl, de 750cc",15500,7802175002260,,
Porotos en caja Naturell 380 gr,1084,7801930022222,,
QUAKER TRADICIONAL 400G,2400,7802000017858,,
QUEQUE BROWNIE 250G,2000,7803525999681,,
QUEQUE SABOR CHOCOLATE AGUA DE PIEDRA,1000,7803403003301,,
QUEQUE SABOR LIMON AGUA DE PIEDRA,1000,7803403003295,,
QUESO CHACRA QUILLAYES,2605,7802930004713,,
QUESO CREMA RUMAY 170G,2200,7804115002408,,
QUESO CREMA SOPROLE 100 GR,748,7802900001230,,
QUESO CREMA WINTER 100G,750,7801900000373,,
QUESO E' CAEZA (5000 K),1,,,
QUESO FRUTILLAR 500 GRS LAMINADO PF,4202,7801930018652,,
QUESO GAUDA LAMINADO FRUTILLAR (FT) 250G,2600,7801930019192,,
QUESO GAUDA LOS NOGALES 250G ,2800,7801907067775,,
QUESO KILO,8403,9631,,
QUESO MANTECOSO ORGULLO DE VALDIVIA (11800 X K),0,,,
QUESO PARMESANO COLUN 40G,1200,7802920116013,,
QUESO PARMESANO QUILLAYES,1000,7802930000333,,
QUESO PHILADELPHIA,3300,7622201797560,,
QUESO QUILQUE MANTECOSO 250GR,3400,7802900001339,,
QUESO RALLADO COLUN 40G,1200,7802920423609,,
QUESO RALLADO PARMESANO DOS ALAMOS 40G,798,7802900001278,,
QUESO SOPROLE GAUDA 9 LAMINAS,1681,7802900001148,,
QUINOA BLANCA LA PORUÑA,1765,7809637200554,,
QUITA ESMALTE EN TOALLA,840,6973020676217,,
Queso Soprole rodda lamina 500GR,5900,,,
Quilmes 473cc x6,5500,7792798012947,,
RAMAZZOTTI APERITIVO ROSATO,12500,8006550340230,,
RAMITAS  CLASICAS 110 GR,1345,7802000015793,,
RAMITAS EVERCRISP QUESO 110G,1500,7802000015786,,
RAMITAS EVERCRISP QUESO 48G,750,7802000013720,,
RAMITAS SALADAS MARCO POLO 270G,1681,7802420127694,,
RAMITAS SALADAS ORIGINAL 270G M POLO,1681,7802420127687,,
RAPIDITAS IDEAL 200G ,1450,7803403000331,,
RAPIDITAS TOMATE IDEAL 200G,1450,7803403003431,,
RAYITA IDEAL 2 UNI.,600,7803473003232,,
RECETA DEL ABUELO HAMBURGUESA DE VACUNO 100GR,800,7801930010380,,
RECUPPER 473ML ARANDANO POMELO,2200,737186533861,,
RECUPPER 473ML LIMON DE PICA,2200,737186533892,,
RECUPPER 473ML PIÑA,2200,737186533915,,
RECUPPER KIDS,2200,737186533946,,
RECUPPER SABOR NARANJA 473ML,2200,737186533885,,
RED BULL 355ML,1900,9002490221010,,
RED BULL 473CC,2350,9002490238841,,
RED BULL ORIGINAL 250 ML,1550,9002490100070,,
REIGN 473ML LEMON HDZ,1300,070847027423,,
REIGN 473ML MELON MANIA,1300,070847027447,,
REMOVEDOR DE ESMALTE,1261,6952257090041,,
RENOVADOR LIQUIDO  BLANCO,1084,7805040001702,,
REPELENTE DE INSECTOS STOP VAIS,1900,7791274195952,,
REXONA BAMBOO BARRA VERDE,2101,78004498,,
RICOLATE CALAF 28G,336,7802220141081,,
RIGOCHOC CLASICO 113 G,1400,7802225640558,,
ROCKLETS CHOCOLATE 35G,600,7802225427210,,
ROCKLETS GALLETA VAINILLA 165G,1300,7802225688758,,
ROCKLETS GALLETAS CHOCOLATE,1300,7802225688765,,
ROCKLETS MANI 35G,600,7802225427197,,
ROCKSTAR,1000,7801620009939,,
ROLLER RAW,3500,716165152781,,
ROLLO MARINELLA 50G,500,7803473003522,,
RON ABUELO 7 AÑOS,1600,088291110608,,
RONSON PAPELILLOS,1000,7804612130895,,
ROYAL 1L RERORNABLE,1400,7802100430007,,
ROYAL BLUNT BLUE BERRY,1000,619682560957,,
ROYAL BLUNT FLAV-R-LESS,1000,619682070074,,
ROYAL BLUNTS STRAWBERRY,1000,619682578952,,
Red Bull BLUE 250 Ml,1550,90415319,,
Red Bull LIGHT 250 Ml,1550,9002490214852,,
Red Bull PURPLE 250 Ml,1550,90446245,,
Red Bull RED 250 Ml,1550,90446849,,
Red Bull YELLOW 250 Ml,1550,90424496,,
SAFARI,252,7802220140633,,
SAHNE-NUSS 14G,350,7802950072358,,
SAL DE MAR OCEANICA 500G,3600,7755019000277,,
SAL DE MESA LOBOS EN FRASCO 250 GRAMOS,756,7803600002503,,
SAL EFERVESCENTE DISFRUTA SIN SABOR,294,7800004261505,,
SAL FINA VENUS 1K,500,7803600011246,,
SAL MESA LOBOS BOLS 1 KG,588,7803600031275,,
SALAME LA PREFERIDA,1600,7801916030340,,
SALAME TIPO ITALIANO 100G,1600,7801930017976,,
SALAME TIPO ITALIANO 75G,1000,7801930018782,,
SALCHICHA SUREÑA SN JORGE 5U,1092,7801907001533,,
SALCHICHON CERVECERO,6303,1179,,
SALSA AMERICANA,1000,1970sa06,,
SALSA CARAMELO GOURMET,2185,7802410506393,,
SALSA CARNE MAGGI,700,7613031259328,,
SALSA CHOCOLATE GORMET,2185,7802410506249,,
SALSA DE AJO,1000,7896007811311,,
SALSA DE CHAMPINONES,700,7613031571529,,
SALSA FRAMBUESA GOURMET,2185,7802410506294,,
SALSA INGLESA,1150,7896007811403,,
SALSA MALLOA ITALIAN BOLS 200 GRS,462,7802300000154,,
SALSA SOYA LA PRIMERA,588,7802410820154,,
SALSA TARTARA DON JUAN 250G,1550,7802351633301,,
SAN REMO ESPIRALES 400GR,700,7802575202628,,
SAN REMO SALSA DE TOMATES 200 GRS,500,7802575365026,,
SAN REMO SPAGHETTI 5 ,700,7802575203007,,
SARDINAS VAN CAMP EN ACEITE,3500,722008502910,,
SARDINAS VAN CAMP EN SALSA DE TOMATE,3500,722008504914,,
SCORE GORILLA 500ML,1300,742832751988,,
SEDAL RIZOS DEFINIDOS 300ML,2588,7891150040182,,
SELZ CLASICA 35G,250,7802225683050,,
SELZ QUESO 35G,250,7802225683224,,
SEMOLA LUCCHETTI 250 GRAMOS,850,7802500004013,,
SERVILLETA GUILETTA,252,664697118990,,
SERVILLETAS ABOLENGO,500,7806500241294,,
SET AGUJAS PARA BOMBIN,2500,6920000023714,,
SHAMPOO BALLERINA  MANZANILLA 750ML,1900,7804920018779,,
SHAMPOO BALLERINA  PALTA/AGUACATE 750ML,1900,7804920003225,,
SHAMPOO BALLERINA HIDRATACION INTENSA GRANADA,1900,7804920003201,,
SHAMPOO ELVIVE OLEO EXTRAORDINARIO,3521,7509552848021,,
SHAMPOO EN SACHET,252,7824,,
SHAMPOO HIPOLERGENICO BALLERINA 50ml,450,7804920008152,,
SHAMPOO MANZANILLA 50G MANZANILLA,450,7804920008145,,
SHAMPOO PANTENE REPARACION 400ML,4300,7501006721133,,
SHAPOO BALLERINA MANZANILLA 60ML,168,7804920003591,,
SHICK 2 CADA UNA,462,4891228530181,,
SHICK 3 HOJAS,600,75903565,,
SIERRA MORENA MOJITO ICE 310CC,1000,7802175001171,,
SIERRA MORENA MOJITO ICE BERRIES 310CC,1000,782175002796,,
SIERRA MORENA MOJITO ICE MARACUYA 310CC ,1000,7802175002789,,
SIX PACK CRISTAL 470CC,5400,7802100505354,,
SNACK MIX MARCO POLO 130G,1412,7802420001567,,
SNIKERS ALMENDRA,1100,7502271912059,,
SOBRES,126,9874,,
SOFRITO CON AJO MINUTO VERDE,756,7801220004037,,
SOFT CLASSIC 5 BENEFICIOS EN 1 1L,1765,7805000141271,,
SOPA DE CARACOLITOS,700,7802950006636,,
SOPA MAGGI CON SABOR A POLLO CON FIDEOS 70G,605,7802950006612,,
SOPA MAGGI SABOR POLLO CON SEMOLA 68G,605,7802950008814,,
SOPA PARA UNO MAGGI,400,7613287552389,,
SOPA SOBRE MAGGI POLLO CON ARROZ,605,7802950006629,,
SOPROLE REQUETE PATITAS CHOCOLATE,1429,7802900028374,,
SPARKLING WINE UNDURRAGA,2000,7804315010531,,
SPRIM FRUTILLA,250,7802575223456,,
SPRITE 1.1L,1400,7801610106402,,
SPRITE 1.5 LITROS DESECHABLE,1800,7801610005262,,
SPRITE 350CC LATA ZERO,900,7801610223192,,
SPRITE 3L DESECHABLE,2700,7801610005651,,
SPRITE 591 CC ,1200,7801610591994,,
SPRITE EN LATA 350 CC,900,7801610005194,,
SPRITE EXPRESS 237ML ,400,7801610560174,,
SPRITE RETORNABLE 2 LITROS,1600,7801610005286,,
SPRITE ZERO 591CC,1200,7801610591888,,
STELLA ARTOIS 473CC,1000,7802130000775,,
STELLA ARTOLEIS 330CC,950,7792798006045,,
STELLA ARTOLEIS 660CC,1300,5410228143376,,
STEVIA DAILY 100ML,2700,7809558104900,,
SUCEDANEO DE JUGO SABOR LIMON ,800,7802337801014,,
SUEROX ARANDANO-POMELO 630ML,3700,7804651931903,,
SUEROX FRUTILLA-KIWI 630ML,3700,7804651931934,,
SUEROX LIMON DE PICA,3700,7804651935581,,
SUEROX MANZANA 630ML,3700,7804651931927,,
SUEROX NARANJA 630ML,3700,7804651931910,,
SUEROX PIÑA 630ML,3700,7804651935574,,
SUPER 8 29GRS.,350,7613030612339,,
SUPER MIX SEMBRASOL 80G,1450,7804612220428,,
SUPER POPEYE BLANCO 170G,1176,7805045001158,,
SUPREMO TE VERDE PREMIUM ,2500,7801875000583,,
SURTIDO DE CALDILLO ANGELMO 190 GRS,1387,7801250000801,,
SURTIDO DE MARISCOS EN ACEITE ANTARTIC 190G,1300,7804621471385,,
SURTIDO DE MARISCOS EN AGUA ANTARTIC 190G,1300,7804621471378,,
SURTIDO DE MARISCOS LYMAR 1K,4000,,,
SURTIDO MARISCOS,2647,7801423000966,,
Salsa de tomate aconcagua 160 gr,378,7801800105833,,
Schick 3 hojas doble filo,504,7591066321121,,
Selz Mini Clasica 42gr,350,7802225684767,,
Semola con leche Soprole Salsa de Caramelo 140g,700,7802900022143,,
Set 4 Vasos Shotter,3200,8711252938202,,
Set de vasos castillo 6 PZA,3900,,,
Stick artel,530,7807210650017,,
TAKIS BLUE 113G,1500,757528049539,,
TAKIS FUEGO 113G,1500,757528049553,,
TAKIS FUEGO 200G,2100,757528044992,,
TAKIS FUEGO 56G,900,757528039592,,
TAKIS ORIGINAL 200G,2100,757528044985,,
TAKIS ORIGINAL PICANTE,900,757528039615,,
TAKIS SPLOSION 113G,1500,757528049607,,
TAKIS XPLOSION 200G,2100,757528044978,,
TAKIS XPLOSION 56G,900,757528039639,,
TALLARINES 87 SAN REMO,850,7802575203298,,
TANAX EN POLVO SOBRE 100 GRAMOS,1168,7805300020108,,
TANAX POLVO HORMIGAS 100G,4500,7805300100008,,
TAPSIN DIA ,1000,7800004399536,,
TAPSIN NOCHE 5G,1000,7800004399567,,
TE CEYLAN,1765,7801875023018,,
TE CEYLAN MILDRED 20 BOLSAS,1176,7801875052018,,
TE CLUB CEYLAN 40G,1000,7802420008825,,
TE CLUB NEGRO 72G,1200,7802420008627,,
TE EXCELESIOR TIPO CEYLAN 125G,1092,7801315161126,,
TE SUPREMO BRASIL VERDE 20 BOLSITAS,840,7801875041012,,
TE SUPREMO CEYLAN 40G,1800,7801875047113,,
TE SUPREMO GOLDEN CEYLAN 20 BOLSAS,1176,7801875047014,,
TE SUPREMO LA RENDIDORA 40GR,546,7801875032010,,
TE WESLEY,588,7804520023944,,
TEA EMBLEAM  100 BOLSITAS,3025,7801810117543,,
TEQULA BLANCO EL MERENDERO,9500,7501233712713,,
TERRA VEGETALES RUSTICOS 180 GR,3235,7802420006647,,
TEST CICLOTEST -ESANTEST,1345,7809604504012,,
TIC TAC DIVERSION DE FRUTAS 16GR,588,78934696,,
TIFANYS MANIA 12X20X22G,300,7802225427289,,
TIRITAS DE PULPA SUPER CERDO 500G,2600,7809611718709,,
TOALLA ABOLENGO 3 ROLLOS,1050,7806500404736,,
TOALLA HIGIENICA 8 TOALLAS,672,7702026180355,,
TOALLA KOTEX NOCTURNA  ALAS 8U,1933,7702425802735,,
TOALLA NORMAL CON ALAS  KOTEX,1891,7794626010811,,
TOALLA NORMAL CON ALAS 2 EN 1 KOTEX,580,7794626999314,,
TOALLA NORMAL CON ALAS MIMOSA,546,7794626996740,,
TOALLA NOSOTRAS NORMAL C/A 8 UNID.,1084,7702026173494,,
TOALLAS HIGIENICAS LADYSOFT NORMAL 8UN.,1200,7790250096085,,
TOALLAS HUMEDAS EMUMED 50U,2200,7804603542232,,
TOALLAS REGULARES CON ALAS NATURELLA,966,7506309895208,,
TOALLITAS SIMMONDS 60U,2500,7804945017405,,
TODDY 142.5G,1850,7500478008780,,
TORO DE PIEDRA MERLOT 750ml,8400,7802940016706,,
TORTILLAS TIA ROSA L 320G,2000,7803473002242,,
TORTILLAS TIA ROSA XL 400G,2200,7803403000195,,
TRAGA TRAGA FRAMBUESA 30G,750,7802000008733,,
TRAPEROS HUMEDOS DESINFECTANTES FORNO,2000,659525576431,,
TRAPEROS HUMEDOS DOM LAVANDA,2000,745853645311,,
TRAPEROS HUMEDOS VIRGINIA LAVANDA,2850,7805040004451,,
TRAPEROS HUMEDOS VIRGINIA MANZANA,2850,7805040004697,,
TRENCITO 14G,400,7802950072679,,
TRENDY CHOCOLATE SUIZO Y FRUTO DEL BOSQUE 1L,2800,7801552004040,,
TRENDY TRES LECHE Y CHOCALATE CHIPS 1L,2800,7801552004095,,
TRIANGULITOS 150G,1500,7804667280002,,
TRIDENT MENTA,378,7622201776664,,
TRIDENT YERBABUENA,378,7622201776572,,
TRITON CHOCO WHITE,900,8445290932884,,
TRITON CHOCOLATE 126G,900,7802230086969,,
TRITON NARANJA 126G,900,7613031042913,,
TRITON SABOR FRUTLLA,840,7613034565884,,
TRIX 30G,500,7501073427532,,
TROCK MACCIATO,1100,7801552007454,,
TROPICAL COCO,420,7463,,
TROPICAL COCO 4X150,126,5478,,
TRUTO POLLO,2941,7825,,
TUAREG MANGOY PIÑA 120GR,748,7802215502545,,
TUBOS FINI 80G,1008,7898591453168,,
TUCO SALSA DE TOMATES CON CARNE MAGGI 245G,1664,7802950012316,,
TUCU TUCU TRENDY,378,7801552005993,,
TURRON 220 GR,1050,7790580422776,,
TURRON GALLETA & MANI 4X50X25G,300,77940131,,
TURRON MANI DEU 1X28X45G,350,7802225260657,,
TWISTOS JAMON 100G,1500,7802000016387,,
TWISTOS QUESO 100G,1500,7802000016394,,
Te supremo 200 gr,2269,7801875032034,,
Te supremo Boldo,916,7801875058027,,
Te supremo Matico,916,7801875058089,,
Tomates,0,00000000000013,,
Trix 215 gr,1513,8445290516664,,
UNDURRAGA BRUT  750ML,5500,7804315000228,,
UNDURRAGA BRUT 375ML,2800,7804315006510,,
UNDURRAGA PINOT CARMENERE 750ML,2800,7804315001935,,
USB C 20W + CABLE IPHONE,12000,6952348645902,,
USB FAST CAR CHARGER,7000,7895623072175,,
USB-C 35W CARGADOR + CABLE,1200,69522348645901,,
VALDIVIA PALE LAGER KUNSTMANN,2000,7802107000999,,
VANISH OXI ACTION 30G,500,7702626204642,,
VELA TRADIC. INVENA,1176,7801815041362,,
VELAS ANTORCHA,1500,7805007139721,,
VELAS INVENA 4 UNIDADES,1176,7801815041232,,
VELAS WINNEX X 4,1600,012525568972,,
VIDRIOS Y MULTIUSO WYN 450 ML,15000,7804609730602,,
VIENESA POLLO SAN JORGE,1092,7801907010399,,
VIENESAS DE VACUNO SAN JORGE U,1200,7801907008402,,
VIENESAS TRADICIONAL PF 5 UNIDADES,1300,7801930000916,,
VINAGRE BLANCO HIGUERAS 250ML,588,7802337920395,,
VINAGRE DE VINO BLANCO TRAVERSO 250ML,750,7802337101015,,
VINAGRE DE VINO ROSADO,750,7802337101022,,
VINAGRE VINO BLANCO DON JUAN 500 ML,1008,7802351524708,,
VINO TINTO SANTA HELENA 2 LITROS.,3800,7804300123918,,
VIRGINIA 500ML,1092,7805040001306,,
VIRUTEX 900ML LAVANDA,1300,7806810016506,,
VIRUTEX 900ML PRIMAVERA,1300,7806810016513,,
"Vino BLANCO Gato Carton, 500 CC",1300,7804300122157,,
Vino Blanco Gato 11.5º 2 Lt,3800,7804300121457,,
"Vino TINTO Gato Carton, 500 CC",1300,7804300122140,,
Vino gato dulce blanco,4800,7804300155896,,
WATTS 200ML X 30 DURAZNO,8700,178028100008814,,
WATTS 200ML X 30 MANZANA,8700,17802810008821,,
WATTS 200ML X 30 NARANJA,8700,17802810008838,,
WATTS 200ML X 30 PIÑA,8700,17802810000436,,
WATTS 200ML X 6 DURAZNO,1800,7802810008817,,
WATTS 200ML X 6 MANZANA,1800,7802810008824,,
WATTS 200ML X 6 NARANJA,1800,7802810008831,,
WATTS 200ML X 6 PIÑA,1800,7802810000439,,
WATTS MARACUYA 1.5L,1800,7801620007607,,
WATTS NARANJA 200ML,400,7802810006752,,
WATTS PIÑA 1.5L,1800,7801620011635,,
WATTS PIÑA 200ML,400,7802810006400,,
WATTS TUTTIFRUTILLA 1.5L,1800,78016200011841,,
WINNEX LIMPIA PISO FLORAL 900CC,1350,764451183575,,
WINNEX LIMPIA PISO LIMON 900CC,1350,012345678943,,
WINNEX LIMPIA PISO MARINA,1350,2032407894218,,
WYN CREMA 750,1345,7804609730459,,
XGRIP PHONE CHERGER AND HOLDER,10000,7895623038324,,
YERBA MATE COLISEO 250G,2300,7804608222382,,
YOGHURT  SOPROLE PROTEIN FRUTILLA 155GR,571,7802900001407,,
YOGHURT BATIDO FRAMBUESA SOPROLE 120 GR,235,7802900230289,,
YOGHURT GOLD CLASICO TRADICIONAL SOPROLE,750,7802900000356,,
YOGHURT LIGHT PIÑA SOPROLE,311,7802900234232,,
YOGHURT SIN AZUCAR CON TROZOS DE FRUTILLA SOPROLE 155G,650,7802900002176,,
YOGHURT SOPROLE LIGHT FRUTILLA120GR,311,7802900234225,,
YOGHURT SOPROLE PLATANO 120G,235,7802900230296,,
YOGHURT SOPROLE PROTEIN SABOR MARACUYA,571,7802900001704,,
YOGHURT SOPROLE PROTEIN+SABOR FRUTILLA 155GR,720,7802900001417,,
YOGHURT SOPROLE YOGHITO  FRUTILLA 120GR,300,7802900230227,,
YOGHURT SOPROLE YOGUITO DAMASCO,300,7802900230241,,
YOGHURT SOPROLE YOGUITO VAINILLA 125GR,300,7802900230258,,
YOUGURTH ZEROLACTO FRUTILLA (SOPROLE),400,7802900235222,,
ZOOPRESA,600,8445290445193,,
ZUCARITAS 30G,500,7613031291359,,
ZUKO DAMASCO,250,7802800579570,,
ZUKO DURAZNO,250,7802800579532,,
ZUKO FRAMBUESA,250,7802800579594,,
ZUKO HUESILLO,250,7802800579297,,
ZUKO LIMON,250,7802800579280,,
ZUKO LIMONADA FRAMBUESA,250,7802800578566,,
ZUKO MANGO,250,7802800579587,,
ZUKO MANZANA,250,7802800579556,,
ZUKO MELON TUNA,250,7802800579600,,
ZUKO NARANJA,250,7802800579518,,
ZUKO NARANJA PLATANO,250,7802800579563,,
ZUKO PIÑA,250,7802800579525,,
ac adaptador for one,20000,7895623006903,,
ace manzanilla 800g,1765,7500435146388,,
aerosol clorox,1950,7793253471606,,
agua liv con gas,546,7804604722572,,
agua liv sin gas,546,7804604722596,,
aji color,294,5214,,
ajo,168,1132,,
alcohol gel mano elite,5210,7806500981527,,
"alfajor, nevares Game, original 60gr",750,77922649,,
aliños pequeños,294,0041,,
alkas 3 por 100,84,7875,,
ariel dawny 700g,2185,7500435237215,,
arom frutilla,1600,7805040000552,,
arom limon,1600,7805040000606,,
arrollado lomo aconcagua,7731,1124,,
arroz tucapel blue bonnet 900 gr,1400,7801420001850,,
atun desmenuzado en aceite,1345,7804621471408,,
atun desmenuzado en aceite deyco,1345,7801534003405,,
atun desmenuzado en agua,1345,7804621471392,,
atun lomito angelmo,1300,7801268002033,,
atun lomito en agua antartic,1300,7804621471484,,
batery pack play charge,5000,,,
bilz 1.5L,1800,7801620290160,,
blem aerosol lustra mueble,2513,7790520995483,,
bodega volcanes carbernet sauvignon 750ml,2300,7804315003908,,
bodega volcanes carmenere 750ml,2300,7804315003915,,
bodega volcanes sauvignon blanc 750ml,2300,7804315003939,,
bon bon alfajor 40g,600,7790040613706,,
budweiser 330 cc paxk,5000,7891991014779,,
cacao amargo 150g,1429,7802420007293,,
cachantun  semigasificada,1100,7801620015855,,
cachantun mas 600ml,850,7801620009632,,
cachantun natural sin gas 1000ml,1200,7801620005412,,
cachantun uva 600ml,850,7801620009601,,
cafe gold,2000,7802800500635,,
cenicero,3100,7798121253568,,
cepillo dental COLGATE,1000,8935236000031,,
cera brillina amarilla,1750,7805040005397,,
cera brillina con tierra,1750,7805040005427,,
cerveza becker clasica 710,1000,7802130001017,,
cerveza corona cero 330,1100,7891991305679,,
cerveza cristal cero 355cc,1000,7802100001092,,
cerveza cusqueña negra 473 ml,1000,7802130003103,,
chis pop 200 gr,1849,7802000014574,,
choclo Don Emiliano Kilo,2689,7804670530767,,
chocolate VIZZIO COSTA 120G,2353,7802215104848,,
chocolate bañado BAUDUCCO,294,7891962055732,,
cigarros Pall Mall Azul 20u Caja dura,3700,78007673,,
clorox desinfectante,1970,7501071907555,,
clorox toallas humedas,2689,7501071907548,,
cola de tigre,600,7613033495335,,
compota manzana platano 90 gr,462,7804655061163,,
confort scott,2000,7809604026644,,
copa frambueza,840,7802408005761,,
corona sixpack,6000,7802130002274,,
corrector artel,1080,7807210002007,,
costa rama blanco,2300,7802215124693,,
cracker merken,700,7802225682152,,
cracker oregano,700,7802225682121,,
crema lonco leche,1400,7802910002081,,
crunchis mani,1681,7802420003851,,
crunchis mani 230g,1765,7802420007347,,
crunchis papa 220g,1765,7802420008092,,
crunchis queso 220g,1765,7802420008108,,
crunchis suffle queso,1345,7802420008054,,
crunchis tutifruti,1849,7802420008122,,
cubanito 450g ,2490,7802408007369,,
detergente matic liquido 5 litros,2000,0052,,
dinosaurios chicle sabor piña,200,78027381,,
discover,200,7801552006334,,
dorito 285 gr,2941,7802000015632,,
dorito dinamita morado 100g,924,7802000018954,,
doritos 180g,1975,7802000018886,,
doritos dinamita verde 100g,924,7802000018961,,
dulces,0,0000000000002,,
dulces 3 por 100,84,1523,,
dulces media hora 3x100,84,4876,,
encendedor colores calidos,420,7804612130956,,
enroladora de cigarros,2000,8746,,
ensalada lista primavera kilo,2008,7801220000763,,
escabeche,630,7888,,
escobillon,1429,7894,,
esencia vainilla,588,7802410281009,,
for one mimd,6900,7895623034760,,
fosforo copihuito,168,5469,,
galleta morocha 120 gr,1000,8445290952325,,
galleta oreo,756,7622201693091,,
gatolate 220g,2200,7802000015304,,
gatorade 500ml,1000,7801620002961,,
ghrehe,1,,,
glade 50 ml repuesto,2479,7790520010216,,
glade cono,1975,7501032909857,,
glade luquido 50ml,2731,7790520010186,,
gold cramberries,588,7802900335168,,
golden nuss 120g,1800,7802200840294,,
grosso mix frutal,250,78028975,,
guantes limpiesa,1008,0781718678087,,
habas 500 gr,1975,7801220701011,,
hamburguesa pollo pf 100 gr,650,7801930021874,,
hamburguesa vegetal la crianza garbanzos,1200,7809611717221,,
hamburguesa vegetal receta del abuelo garbanzo,1000,7801930001210,,
helado maracuya crema,336,7800201012788,,
hilos de coser,571,1452,,
huincha de medir,840,2222,,
"hwlaado 2,5 caramel machiato",4622,7801552006440,,
insecticida mata todo insecto killer,2479,7805040005298,,
jack daniel' coca cola 350ml,2000,7501055383672,,
jaleas soprole manzana,400,7802900295134,,
jamon asado,8655,2541,,
jamon sanndwich aconcagua,7563,1123,,
jugo andina fresh 1L frutas tropicales,1,,,
jugo andina fresh 1L naranja,1000,7802820971002,,
jugo guayarauco 1L mango,1800,7803908006173,,
jugo guayarauco 1L naranja,1800,7803908006197,,
jugo livean ,250,7802800576746,,
jugo livean limonada,250,7802800586318,,
jugo livean naranja7g,250,7802800576418,,
jumex manzana 335ml,900,7501013118193,,
jumex piña-coco 335ml,900,076406022601,,
kapo,378,0079,,
kent verde manzana,5000,78025219,,
ketchup kraft 450g,1849,7800159081171,,
kryspo original 83g,1450,7802800000333,,
kryspo queso 83g,1450,7802800000319,,
lavaloza jah nissi,2513,6545,,
lays 220g,1849,7802000015991,,
lays oregano 200g,1849,7802000015410,,
leche colun 1L descremaDA,1800,7802900001346,,
leche colun 1L frutilla,1800,7802920007137,,
leche colun 1L semidescremada,1800,7802900001292,,
leche colun entera 1L,1650,7802920777542,,
leche colun semidescremada 1L,1650,7802920000091,,
leche natural entera 200 ml,650,7802900002268,,
leche nido 130 gr,1202,,,
leche protein vainilla 200 ml,650,7802900003807,,
leche sin lactosa descremada,1750,7808709501995,,
lechuga,588,1138,,
limones,1261,1131,,
limpia tapiceria binner,4361,7702155021451,,
livean purfrut,700,7802800709625,,
livean purfrut manzana,700,7802800709601,,
lomitosVan CAMPS,2250,,,
lomos atun AL NATURAL san jose 160G,1300,7801235001878,,
lysoform pastillas,4034,7790520989871,,
m&m,1200,040000536819,,
m&m,1200,1527262,,
m&m penut,1100,040000536789,,
madel morr,1050,7800201012962,,
magdalenas sabor tres leches,672,7803473005854,,
magndalenas sabor limon,672,7803403003776,,
manchate la lengua,210,78025264,,
mankeke 60g,672,7803473241252,,
mantecol,650,7790380270010,,
maruchan carne res,1300,041789001925,,
maruchan pollo,1300,041789001918,,
maruchan queso,1300,041789001833,,
mini chorizo,1000,7801930021195,,
mini pepperoni 60g,1000,,,
mini salames,1000,7801930000893,,
mistral gran nobel 40 grados,30000,7802175000273,,
mistral ice energy,1550,7802175000723,,
mistral ice pinneapple 275cc,1550,7802175003021,,
mistral nobel añejado en roble 750cc,15000,7802175457329,,
mix pimenton  150 gr,756,7801220004563,,
moledor bulldog,2700,8716722036044,,
monster mango loco,1800,070847035800,,
monster zero azucar,1800,070847033219,,
morenita malta 1l retornable,1800,7802100002563,,
mostadela lisa,5798,1128,,
mr big 2.5 energy,3500,7804646000256,,
mr musculo cocina antigrasa,1891,7790520998897,,
nectar del valle naranja 400 ml,756,7802820410204,,
nectar frutilla andina del valle,1513,7802820191035,,
nescafe tradicion 1.8 gr,200,8445290794963,,
nestle natures colado,2200,7802950003543,,
nova ultra 3 rollos,1300,7806500406853,,
oferta galletas,1000,,,
omo liquido 450ml,1681,7791290795167,,
orange crush zero 2L,1700,7801620853198,,
orbit eucalipto,900,50173617,,
ositos fruna 500g ,1,7802408007765,,
pURINA pAVO SACHET 85 GR,756,7891000241196,,
pack cerveza corona 0 alcohol,6400,,,
pack cerveza cristal 0 355cc,6000,7802100001122pac,,
pack cerveza mullir 355ml,6600,034100175054pack,,
pack escudo silver,4500,12564789,,
pall mall 10 rojo,1900,78018846,,
palmitos esmeralda 400g,2850,7802420510113,,
palmitos esmeralda en rodajas 400g,2850,7802420510151,,
palmitos tipo spaghetti,2800,7802420007057,,
palta hass,3866,1425,,
pan amasado,250,0000000000000014,,
pan panaderia,1866,1101,,
papas,0,000000000000012,,
papas barbeque,2143,7802420008726,,
papas lays corte americano 350 gr,3193,7802000017629,,
papel aluminio,1513,2118,,
papel craft o de mantequilla,336,4344,,
pasta dental pepsodent protecciòn anti-caries,1261,7805000311353,,
pate receta el abuelo jamon,1000,7801930008509,,
pate teewurst la preferida,1050,7801916030807,,
pato purific,2395,7790520990013,,
pañales sueltos,252,7879,,
paño esponja dom,1008,781159304644,,
pepino,588,1130,,
perro ropa,840,6934578359175,,
pimenton,588,1133,,
pizza salame,3900,7801930013305,,
platanos,0,000000000000017,,
platanos,0,,,
poet,1890,7793253004231,,
polvo royal 30g,500,7622300842444,,
poroto verde kilo minuto verde,3353,7801220001104,,
porotos granados kilo,3445,7801220000978,,
postre la abuela,450,7802900202019,,
power  1.1 litros,1300,7802820678031,,
producto de pruebas,0,4242424,,
producto de pruebas,2000,525255525252,,
promo SUPER 8 ,1000,1,,
promo golpe,1000,,,
queque,600,000000000000013,,
queque trozo,600,,,
quesadillas pancho villa 200g,1008,7802095000209,,
queso cabeza,5798,1127,,
queso crema soprole 200 gr,1429,7802900001261,,
queso fondi 500g,4370,7804669990008,,
quix 750 ml,1975,7805000322014,,
ramita queso 90g,840,7802000018787,,
receta del abuelo mortadela,1400,7801930009919,,
rexona active emotion,2350,7791293049540,,
sHAMPOO ELVIVE ARCILLA,3521,7509552847550,,
salchichon caldera,7563,1122,,
salchichon cervecero,6303,2587,,
santa helena tinto 1 litro,1990,7804300000356,,
servilleta elite,1588,780600224044,,
shampoo ballerina maqui,1765,7804920006172,,
skittles,1200,022000018465,,
snikers,1200,040000514251,,
sonico,168,7802408005211,,
sopa instantanea carne bonanza,1008,7808743606199,,
sopa instantanea pollo bonanza,1008,7808743606205,,
sopa instantanea vegetales bonanza,1008,7808743606229,,
sprite de 1 litro retornable,1000,4142,,
stick proarte 8g,1,7807265980480,,
suavizante bidon 5 litros,2521,0054,,
surtido para caldillo tarro,1664,7803505140058,,
tabletones 2x100,0,,,
takis 113g,1500,757528049546,,
talco,748,9845,,
tanax polvo,1168,7805300049086,,
te negro la hoja 50 bolsas,1261,7804673690130,,
tomate,1429,1129,,
traga traga 220g,1849,7802000015311,,
trapero humedo,2765,7806500750000,,
trencito bombones 142g,2990,,,
trencito bombones 142g,2990,7613287222497,,
tripak cocacola 3 litros,6000,7801610351000,,
tuto entero de pollo ,4300,tuto entero de pollo,,
undurraga aliwen saubignon blanc 750ml,4300,7804315000693,,
undurraga cabernet sauvignon 750ml,5100,7804315007418,,
uno al dia,303,1600,,
van cook crema pastelera,700,7802800563210,,
vans camps lomito,2250,7702367012889,,
vaso frutilla rayoh,924,7800041377023,,
vaso max steel,1,7805670029299,,
vasos de 100,84,7750078001869,,
velas por unidad,294,5874,,
vinagre manzana montaner 500ml,1387,7802345000300,,
vino Santa Helena tinto 2ltrs,3600,,,
vino blanco,3800,7804300123925,,
vino blanco sta helena 1000ml,1990,7804300000363,,
vino casillero chardonnay 750cc,5400,7804320256900,,
vino casillero sweet devil carnaval ,5400,7804320760131,,
vino diablo luminous rose ,7900,7804320758763,,
vino diablo velvet merlot 750ml,7900,7804320761718,,
virutilla cien,950,7805054001125,,
virutilla fina con jabon,210,6985,,
virutilla olla metalizada,294,6542,,
virutilla para piso,1008,2114,,
virutilla piso gruesa,840,3251,,
virutilla piso regular,840,5896,,
vodka eristof 1000cc,9000,7501008660751,,
winex lustra muebles limon,1850,8696630143976,,
winnex cars espuma,1933,8699009451276,,
wiskas carne 85g,700,7896029046609,,
yogurt probiotico nestle 140g,550,7613287424068,,
zanahoria,924,1136,,
zapallo,1176,1137,,